Date,Open,High,Low,Close,Volume,Quote_Volume,48-zscore,200-zscore,484-zscore,rsi_14
2021-11-20 15:45:00,0.80880000,0.81110000,0.80350000,0.8081,204911.00000000,165366.63210000,,,,
2021-11-20 16:00:00,0.80840000,0.81710000,0.80750000,0.8142,209821.00000000,170551.77770000,,,,
2021-11-20 16:15:00,0.81380000,0.81690000,0.80640000,0.8136,128338.00000000,104113.19010000,,,,
2021-11-20 16:30:00,0.81360000,0.81860000,0.81360000,0.8176,58042.00000000,47414.60980000,,,,
2021-11-20 16:45:00,0.81720000,0.81780000,0.81450000,0.8172,27102.00000000,22123.68230000,,,,98.74349208567736
2021-11-20 17:00:00,0.81690000,0.81770000,0.81340000,0.8162,28695.00000000,23392.89330000,,,,97.30811712821328
2021-11-20 17:15:00,0.81630000,0.81920000,0.81280000,0.8128,87723.00000000,71671.17110000,,,,92.39057431078375
2021-11-20 17:30:00,0.81250000,0.81270000,0.80510000,0.8069,73124.00000000,59054.21250000,,,,84.41811168201248
2021-11-20 17:45:00,0.80690000,0.80960000,0.80560000,0.8095,48887.00000000,39451.70040000,,,,85.03111157182485
2021-11-20 18:00:00,0.80980000,0.81230000,0.80980000,0.8108,43626.00000000,35360.73180000,,,,85.34162530722409
2021-11-20 18:15:00,0.81080000,0.82770000,0.81000000,0.8277,89470.00000000,73265.19410000,,,,88.64057473912935
2021-11-20 18:30:00,0.82780000,0.83270000,0.82130000,0.8315,107710.00000000,89250.60360000,,,,89.22763473340747
2021-11-20 18:45:00,0.83230000,0.84000000,0.83070000,0.838,135097.00000000,112934.89700000,,,,90.16402715856674
2021-11-20 19:00:00,0.83870000,0.84270000,0.83170000,0.8328,162491.00000000,135949.31820000,,,,83.88212839978397
2021-11-20 19:15:00,0.83290000,0.83650000,0.83240000,0.8361,36192.00000000,30195.40580000,,,,84.61471417279705
2021-11-20 19:30:00,0.83580000,0.83680000,0.83240000,0.8367,22866.00000000,19079.02620000,,,,84.75042996350538
2021-11-20 19:45:00,0.83650000,0.84430000,0.83640000,0.8382,86863.00000000,73021.83400000,,,,85.10419386576575
2021-11-20 20:00:00,0.83780000,0.83830000,0.83450000,0.8358,29260.00000000,24459.61900000,,,,81.83312477062377
2021-11-20 20:15:00,0.83590000,0.83840000,0.83450000,0.8383,30048.00000000,25131.20690000,,,,82.58405444111227
2021-11-20 20:30:00,0.83840000,0.83960000,0.83560000,0.8372,32604.00000000,27312.26640000,,,,80.99759664408217
2021-11-20 20:45:00,0.83770000,0.83850000,0.83490000,0.8357,48932.00000000,40937.16190000,,,,78.7752820070913
2021-11-20 21:00:00,0.83520000,0.83860000,0.83460000,0.8385,25566.00000000,21386.43040000,,,,79.8847391689827
2021-11-20 21:15:00,0.83890000,0.84250000,0.83560000,0.8424,80943.00000000,67723.42240000,,,,81.34726138826005
2021-11-20 21:30:00,0.84240000,0.84410000,0.83770000,0.8379,83799.00000000,70337.12310000,,,,74.60682587621058
2021-11-20 21:45:00,0.83860000,0.83970000,0.83640000,0.8368,64534.00000000,54034.07290000,,,,73.01418765592732
2021-11-20 22:00:00,0.83740000,0.83890000,0.83460000,0.8348,30881.00000000,25833.70790000,,,,70.08475108220063
2021-11-20 22:15:00,0.83520000,0.83630000,0.83480000,0.8355,39559.00000000,33065.84610000,,,,70.53041107334161
2021-11-20 22:30:00,0.83540000,0.83620000,0.83480000,0.8355,30791.00000000,25726.59620000,,,,70.53041107334161
2021-11-20 22:45:00,0.83520000,0.83600000,0.83510000,0.8352,13084.00000000,10930.85030000,,,,70.01199784054415
2021-11-20 23:00:00,0.83520000,0.83590000,0.83480000,0.8357,33223.00000000,27746.45730000,,,,70.4024686615821
2021-11-20 23:15:00,0.83560000,0.83670000,0.83480000,0.8355,55012.00000000,45983.34140000,,,,70.00978352639999
2021-11-20 23:30:00,0.83570000,0.83650000,0.83310000,0.8346,60141.00000000,50176.70680000,,,,68.16719156293135
2021-11-20 23:45:00,0.83400000,0.83400000,0.82830000,0.8315,120642.00000000,100237.37970000,,,,62.10409426112533
2021-11-21 00:00:00,0.83160000,0.83220000,0.82620000,0.8285,43305.00000000,35872.58290000,,,,56.83562977320381
2021-11-21 00:15:00,0.82770000,0.82780000,0.82460000,0.8252,24950.00000000,20612.24050000,,,,51.64554927346791
2021-11-21 00:30:00,0.82620000,0.82750000,0.82540000,0.8268,18485.00000000,15279.20810000,,,,53.84620235899278
2021-11-21 00:45:00,0.82710000,0.82740000,0.82490000,0.8261,26523.00000000,21911.06960000,,,,52.71583664792591
2021-11-21 01:00:00,0.82590000,0.82880000,0.82560000,0.828,27272.00000000,22555.43470000,,,,55.44956934304689
2021-11-21 01:15:00,0.82820000,0.82880000,0.82630000,0.8271,8987.00000000,7434.56910000,,,,53.861063366679886
2021-11-21 01:30:00,0.82710000,0.82790000,0.82650000,0.8266,23757.00000000,19656.27240000,,,,52.95345774398246
2021-11-21 01:45:00,0.82710000,0.82820000,0.82580000,0.8271,32359.00000000,26756.84630000,,,,53.79199840084153
2021-11-21 02:00:00,0.82750000,0.83020000,0.82750000,0.8283,18416.00000000,15262.79180000,,,,55.82693048047077
2021-11-21 02:15:00,0.82830000,0.82840000,0.82350000,0.8235,9269.00000000,7655.98300000,,,,46.92504325629633
2021-11-21 02:30:00,0.82390000,0.82410000,0.81580000,0.8168,83366.00000000,68334.07050000,,,,37.85212745262009
2021-11-21 02:45:00,0.81670000,0.82160000,0.81630000,0.821,40221.00000000,32955.29520000,,,,45.02753512358282
2021-11-21 03:00:00,0.82130000,0.82520000,0.82050000,0.8248,80842.00000000,66466.79060000,,,,50.58639633684739
2021-11-21 03:15:00,0.82510000,0.82520000,0.81920000,0.8198,167826.00000000,137776.33270000,,,,44.246391750270774
2021-11-21 03:30:00,0.82030000,0.82090000,0.81600000,0.8181,105090.00000000,85959.39130000,,,,42.30500876300489
2021-11-21 03:45:00,0.81710000,0.81800000,0.81410000,0.8157,36121.00000000,29469.24380000,,,,39.65939496223114
2021-11-21 04:00:00,0.81490000,0.82050000,0.81460000,0.8197,74587.00000000,60998.81570000,,,,45.748832496588555
2021-11-21 04:15:00,0.82020000,0.82360000,0.82020000,0.8213,43443.00000000,35697.22990000,,,,48.00899869521993
2021-11-21 04:30:00,0.82130000,0.82340000,0.82010000,0.8209,12933.00000000,10627.67230000,,,,47.47648044657844
2021-11-21 04:45:00,0.82110000,0.82110000,0.81820000,0.8199,22740.00000000,18632.54980000,,,,46.099792501608725
2021-11-21 05:00:00,0.82010000,0.82410000,0.82010000,0.8232,56524.00000000,46477.36500000,,,,51.135379955521095
2021-11-21 05:15:00,0.82290000,0.82410000,0.82270000,0.8235,29046.00000000,23915.68020000,,,,51.578266046374885
2021-11-21 05:30:00,0.82360000,0.82640000,0.82360000,0.8251,43474.00000000,35870.64320000,,,,53.974238962984806
2021-11-21 05:45:00,0.82490000,0.82610000,0.82230000,0.8231,64698.00000000,53317.81500000,,,,50.60356040672898
2021-11-21 06:00:00,0.82340000,0.82490000,0.82100000,0.8222,25750.00000000,21178.74290000,,,,49.117075485717635
2021-11-21 06:15:00,0.82230000,0.82360000,0.82020000,0.821,48757.00000000,40105.99190000,,,,47.129183558723156
2021-11-21 06:30:00,0.82100000,0.82450000,0.82040000,0.8235,67585.00000000,55563.07140000,,,,51.53040394630252
2021-11-21 06:45:00,0.82350000,0.82720000,0.82340000,0.8272,36689.00000000,30305.07260000,,,,57.20801837958736
2021-11-21 07:00:00,0.82710000,0.83090000,0.82690000,0.8295,72828.00000000,60331.64550000,,,,60.319614185462086
2021-11-21 07:15:00,0.82920000,0.82930000,0.82480000,0.8269,31964.00000000,26433.42460000,,,,55.414237774856964
2021-11-21 07:30:00,0.82670000,0.82800000,0.82570000,0.8273,35138.00000000,29065.08280000,,,,56.00698406693415
2021-11-21 07:45:00,0.82730000,0.82730000,0.82380000,0.8267,86748.00000000,71609.05200000,,,,54.8294791930248
2021-11-21 08:00:00,0.82680000,0.82760000,0.81730000,0.8195,111307.00000000,91647.91600000,,,,43.1151726303286
2021-11-21 08:15:00,0.81980000,0.82000000,0.81580000,0.8183,56907.00000000,46519.58730000,,,,41.5228783022073
2021-11-21 08:30:00,0.81830000,0.82600000,0.81810000,0.8256,51373.00000000,42295.07680000,,,,52.91494667486619
2021-11-21 08:45:00,0.82540000,0.82570000,0.81900000,0.8227,39797.00000000,32698.81160000,,,,48.8440672741115
2021-11-21 09:00:00,0.82150000,0.82560000,0.82120000,0.8241,24801.00000000,20416.22100000,,,,50.81144896151389
2021-11-21 09:15:00,0.82390000,0.82580000,0.82360000,0.8255,27210.00000000,22442.71880000,,,,52.76766457295924
2021-11-21 09:30:00,0.82550000,0.82580000,0.82250000,0.8236,16145.00000000,13303.97700000,,,,49.86902752443034
2021-11-21 09:45:00,0.82400000,0.83020000,0.82260000,0.8285,63853.00000000,52801.90340000,,,,56.504839417865966
2021-11-21 10:00:00,0.82840000,0.82870000,0.82380000,0.8239,24736.00000000,20415.02570000,,,,49.83563040509488
2021-11-21 10:15:00,0.82390000,0.82680000,0.81890000,0.8197,102573.00000000,84358.03600000,,,,44.65337177458181
2021-11-21 10:30:00,0.81980000,0.82040000,0.81290000,0.8138,76992.00000000,62784.99820000,,,,38.58363723646335
2021-11-21 10:45:00,0.81450000,0.81750000,0.81280000,0.8139,55761.00000000,45416.25480000,,,,38.73564158099782
2021-11-21 11:00:00,0.81430000,0.82070000,0.81360000,0.8202,53465.00000000,43700.52790000,,,,47.543953694370835
2021-11-21 11:15:00,0.81970000,0.81970000,0.81000000,0.8111,71977.00000000,58562.51620000,,,,38.854186330023786
2021-11-21 11:30:00,0.81110000,0.81250000,0.81030000,0.8115,22117.00000000,17942.42950000,,,,39.37868152740815
2021-11-21 11:45:00,0.81160000,0.81390000,0.81160000,0.8134,26297.00000000,21370.27360000,,,,41.92685183178011
2021-11-21 12:00:00,0.81260000,0.81490000,0.80990000,0.8144,98828.00000000,80195.77740000,,,,43.278251368941795
2021-11-21 12:15:00,0.81420000,0.81700000,0.81350000,0.8148,110096.00000000,89719.32650000,,,,43.84120272389526
2021-11-21 12:30:00,0.81480000,0.81680000,0.81320000,0.8146,23822.00000000,19411.79730000,,,,43.608155644482366
2021-11-21 12:45:00,0.81490000,0.81810000,0.81490000,0.8162,27661.00000000,22590.93900000,,,,46.07763177595099
2021-11-21 13:00:00,0.81670000,0.81670000,0.81260000,0.8148,20253.00000000,16496.35060000,,,,44.25159225621914
2021-11-21 13:15:00,0.81390000,0.81610000,0.81320000,0.8137,41141.00000000,33509.99830000,,,,42.81585817840367
2021-11-21 13:30:00,0.81410000,0.81450000,0.81030000,0.8113,25412.00000000,20629.54090000,,,,39.78304039935275
2021-11-21 13:45:00,0.81130000,0.81410000,0.80860000,0.8089,19400.00000000,15742.13970000,,,,36.96337264267532
2021-11-21 14:00:00,0.80890000,0.81240000,0.80780000,0.8105,137701.00000000,111479.53160000,,,,40.015699181289214
2021-11-21 14:15:00,0.81070000,0.81270000,0.80850000,0.8094,52186.00000000,42287.94790000,,,,38.630766281133354
2021-11-21 14:30:00,0.80930000,0.81360000,0.80870000,0.8123,30743.00000000,24949.41040000,,,,44.12153080383477
2021-11-21 14:45:00,0.81260000,0.81300000,0.81000000,0.8108,25382.00000000,20609.97470000,,,,42.026992185343154
2021-11-21 15:00:00,0.81030000,0.81090000,0.80790000,0.81,25924.00000000,20978.84340000,,,,40.911499794077756
2021-11-21 15:15:00,0.81000000,0.81600000,0.80980000,0.816,58598.00000000,47573.03260000,-0.42067407862597594,,,51.342659951331164
2021-11-21 15:30:00,0.81550000,0.81720000,0.81360000,0.8156,21150.00000000,17234.20140000,-0.4856458181669698,,,50.700073360371206
2021-11-21 15:45:00,0.81570000,0.81770000,0.81460000,0.8167,31092.00000000,25394.63650000,-0.3308602608693488,,,52.462092933853896
2021-11-21 16:00:00,0.81770000,0.82120000,0.81770000,0.8207,58307.00000000,47805.26890000,0.29149467161400183,,,58.29876581170726
2021-11-21 16:15:00,0.82110000,0.82110000,0.81600000,0.8165,33778.00000000,27619.27420000,-0.3601933044479019,,,51.19157794769627
2021-11-21 16:30:00,0.81720000,0.82000000,0.81610000,0.82,25252.00000000,20647.21410000,0.19795278526592205,,,56.0049125906974
2021-11-21 16:45:00,0.82000000,0.82570000,0.81990000,0.8244,50178.00000000,41248.09640000,0.895818434610918,,,61.18692718538962
2021-11-21 17:00:00,0.82500000,0.82630000,0.82000000,0.8209,47157.00000000,38735.33640000,0.33994577328948905,,,55.57896644675849
2021-11-21 17:15:00,0.82050000,0.82360000,0.82000000,0.8234,28886.00000000,23748.61750000,0.748281885145718,,,58.50449299807224
2021-11-21 17:30:00,0.82280000,0.82330000,0.81980000,0.8198,47993.00000000,39414.08940000,0.17740148013785792,,,53.08300998704132
2021-11-21 17:45:00,0.82050000,0.82080000,0.81480000,0.8151,28038.00000000,22906.58730000,-0.5686863040863225,,,46.96408926423029
2021-11-21 18:00:00,0.81560000,0.81560000,0.81320000,0.8148,52793.00000000,42979.71540000,-0.604047396429522,,,46.59488592645227
2021-11-21 18:15:00,0.81480000,0.81520000,0.81250000,0.8125,61402.00000000,50013.10210000,-0.9625687269515887,,,43.754890873968264
2021-11-21 18:30:00,0.81250000,0.81510000,0.81230000,0.8142,8551.00000000,6956.86750000,-0.6503029891266882,,,46.35741518971876
2021-11-21 18:45:00,0.81400000,0.81520000,0.81320000,0.8134,6934.00000000,5645.31680000,-0.7538616785611998,,,45.29525865554128
2021-11-21 19:00:00,0.81320000,0.81580000,0.81120000,0.8112,25755.00000000,20927.30320000,-1.035123151173928,,,42.41701973755597
2021-11-21 19:15:00,0.81100000,0.81120000,0.80660000,0.8099,39370.00000000,31826.81200000,-1.1890072716843045,,,40.768463394223886
2021-11-21 19:30:00,0.80990000,0.81100000,0.80800000,0.8082,22054.00000000,17849.89600000,-1.3974333453887426,,,38.65285411339569
2021-11-21 19:45:00,0.80770000,0.81010000,0.80730000,0.8077,40450.00000000,32702.60200000,-1.3597463804316836,,,38.02779933349307
2021-11-21 20:00:00,0.80840000,0.81590000,0.80750000,0.8099,161809.00000000,131527.37610000,-0.9187466593448844,,,42.438484816254814
2021-11-21 20:15:00,0.81010000,0.81070000,0.80410000,0.8044,57520.00000000,46414.71210000,-1.71158394366029,,,35.61420114820612
2021-11-21 20:30:00,0.80460000,0.80460000,0.79610000,0.7975,373424.00000000,298247.31870000,-2.2227638722800376,,,29.257816169662163
2021-11-21 20:45:00,0.79800000,0.80520000,0.79800000,0.8034,124346.00000000,99796.69200000,-1.243422285100664,,,39.243293168662944
2021-11-21 21:00:00,0.80340000,0.80490000,0.80310000,0.8043,56905.00000000,45754.30470000,-1.0593475379703172,,,40.62019910200156
2021-11-21 21:15:00,0.80440000,0.80620000,0.80430000,0.8052,23664.00000000,19052.87510000,-0.8924988924681064,,,42.03488947163466
2021-11-21 21:30:00,0.8053,0.8085,0.8053,0.8071,46551.0,37596.5744,-0.5964039972772126,,,45.01324491733213
2021-11-21 21:45:00,0.8073,0.8073,0.804,0.8051,39565.0,31850.8547,-0.806635131715162,,,42.53568391581161
2021-11-21 22:00:00,0.8052,0.8052,0.8036,0.8045,10959.0,8813.8326,-0.8641337945498639,,,41.79251341355628
2021-11-21 22:15:00,0.8046,0.8046,0.8027,0.8032,9637.0,7742.9324,-0.9862700127529431,,,40.15548323649645
2021-11-21 22:30:00,0.8032,0.8033,0.7925,0.7926,86190.0,68574.7345,-2.291532136833019,,,29.87852581887718
2021-11-21 22:45:00,0.7932,0.7977,0.7928,0.7967,14484.0,11524.0832,-1.69099735801883,,,36.63375865056561
2021-11-21 23:00:00,0.7976,0.8002,0.797,0.7972,24207.0,19318.748,-1.5400956314638328,,,37.42545351231304
2021-11-21 23:15:00,0.7977,0.7985,0.7961,0.7975,16733.0,13342.4854,-1.483508477189586,,,37.92657327903825
2021-11-21 23:30:00,0.7975,0.7981,0.7932,0.7933,66257.0,52673.9991,-1.9366013090815772,,,33.840607768441046
2021-11-21 23:45:00,0.7931,0.7956,0.783,0.7883,172523.0,136207.9543,-2.292741218322225,,,29.733778983553222
2021-11-22 00:00:00,0.7859,0.7886,0.7735,0.7735,118228.0,92281.8761,-3.4087207594173625,,,21.43976369108681
2021-11-22 00:15:00,0.7734,0.7816,0.7717,0.7788,120079.0,93308.3189,-2.4991839903011344,,,29.070087753620584
2021-11-22 00:30:00,0.7788,0.7813,0.7757,0.7805,100407.0,78298.9312,-2.132697213504078,,,31.372566831407667
2021-11-22 00:45:00,0.7795,0.7799,0.7756,0.7772,65542.0,50966.2693,-2.2536235181579594,,,29.378904645979304
2021-11-22 01:00:00,0.7771,0.7805,0.7734,0.7735,83509.0,64895.8659,-2.3621130047923953,,,27.285263977584762
2021-11-22 01:15:00,0.7732,0.7787,0.7697,0.7787,101304.0,78359.8544,-1.7774658496026847,,,34.36457732072299
2021-11-22 01:30:00,0.7787,0.7803,0.7764,0.78,39150.0,30491.4811,-1.6032597067513685,,,36.04104338225233
2021-11-22 01:45:00,0.7802,0.7823,0.7785,0.7811,45681.0,35644.2291,-1.4641488890040868,,,37.49583062497997
2021-11-22 02:00:00,0.7808,0.7818,0.778,0.778,58943.0,45956.9323,-1.5988302359985824,,,35.07455632767238
2021-11-22 02:15:00,0.7772,0.7777,0.7683,0.7697,51398.0,39768.8718,-2.1043477219384314,,,29.569026482320893
2021-11-22 02:30:00,0.7697,0.7755,0.7697,0.7751,28251.0,21824.3886,-1.6264739650493358,,,36.54743614413156
2021-11-22 02:45:00,0.7749,0.776,0.7703,0.7721,39614.0,30657.7903,-1.759979474481865,,,34.50216320252899
2021-11-22 03:00:00,0.772,0.7749,0.7715,0.7728,42127.0,32563.6973,-1.6358939356405495,,,35.41043985878633
2021-11-22 03:15:00,0.7726,0.7738,0.7674,0.7677,42611.0,32784.8313,-1.8626801989425623,,,31.935684421038673
2021-11-22 03:30:00,0.7671,0.7717,0.763,0.7668,105392.0,80697.7882,-1.783021522577319,,,31.351026677546244
2021-11-22 03:45:00,0.7678,0.7718,0.7663,0.7702,75119.0,57749.6605,-1.4736377571807158,,,36.10965517485402
2021-11-22 04:00:00,0.7701,0.7753,0.7676,0.7747,67885.0,52479.8621,-1.1130967866306554,,,41.854546248212955
2021-11-22 04:15:00,0.7744,0.7745,0.7684,0.7703,106622.0,82300.2339,-1.3003173412014657,,,38.234403226774084
2021-11-22 04:30:00,0.7689,0.7722,0.7683,0.7687,65048.0,50064.1813,-1.3299511297888316,,,36.981773219533515
2021-11-22 04:45:00,0.769,0.7715,0.7662,0.7669,50170.0,38574.1072,-1.3572268384980537,,,35.56992299885549
2021-11-22 05:00:00,0.7669,0.7677,0.7608,0.7646,195591.0,149240.0238,-1.3506779577357673,,,33.794557897603184
2021-11-22 05:15:00,0.7653,0.768,0.7624,0.763,66404.0,50794.046,-1.369801378165041,,,32.576451135048345
2021-11-22 05:30:00,0.7635,0.7712,0.7632,0.7699,63675.0,48891.8947,-0.9221370903100965,,,42.24463134221045
2021-11-22 05:45:00,0.7694,0.7755,0.7691,0.7753,219837.0,169912.9713,-0.5633976083099883,,,48.47201523292543
2021-11-22 06:00:00,0.7747,0.7754,0.772,0.775,110298.0,85368.5385,-0.5361968044544744,,,48.161327642251365
2021-11-22 06:15:00,0.7743,0.7748,0.7705,0.7712,53646.0,41440.4996,-0.708243028838022,,,44.28897019782257
2021-11-22 06:30:00,0.771,0.7757,0.7705,0.7727,14343.0,11090.4272,-0.6155261605982395,,,46.130227472973246
2021-11-22 06:45:00,0.773,0.7759,0.7709,0.7748,13317.0,10308.1688,-0.4923744886003002,,,48.687119581329014
2021-11-22 07:00:00,0.7746,0.78,0.7737,0.7783,64876.0,50417.7017,-0.2812834297735187,,,52.71540613962221
2021-11-22 07:15:00,0.7787,0.7807,0.7758,0.7799,17197.0,13382.3588,-0.17519506000191815,,,54.47487557187883
2021-11-22 07:30:00,0.7798,0.7798,0.7765,0.7782,21484.0,16724.0438,-0.26017958432873933,,,52.25021495511655
2021-11-22 07:45:00,0.7779,0.7779,0.7751,0.7751,19151.0,14873.3986,-0.4154933242020645,,,48.37094876510034
2021-11-22 08:00:00,0.7759,0.7783,0.7758,0.7773,9991.0,7765.2532,-0.21895305492077619,,,51.14319760174272
2021-11-22 08:15:00,0.7776,0.7809,0.7755,0.7809,29321.0,22791.6384,0.004724755541204342,,,55.36660069041773
2021-11-22 08:30:00,0.7809,0.7813,0.7781,0.7797,27790.0,21672.6795,0.05393168961656718,,,53.700209718840554
2021-11-22 08:45:00,0.7797,0.781,0.7776,0.7808,9899.0,7714.5496,0.17570332494484825,,,55.03615481473004
2021-11-22 09:00:00,0.7806,0.784,0.7794,0.7832,57472.0,44924.338,0.335291570020758,,,57.89103196372231
2021-11-22 09:15:00,0.7828,0.7844,0.7817,0.7835,25175.0,19720.1839,0.3621001699660798,,,58.24789132289339
2021-11-22 09:30:00,0.7835,0.7844,0.7805,0.7815,50302.0,39372.1668,0.2714511917170903,,,54.90713571444478
2021-11-22 09:45:00,0.7814,0.7835,0.7761,0.7761,19101.0,14885.3209,-0.012603689121864084,,,47.05916826566184
2021-11-22 10:00:00,0.776,0.779,0.772,0.7768,62877.0,48755.7622,0.03254634441454958,,,48.09485350998135
2021-11-22 10:15:00,0.7765,0.7789,0.7753,0.7758,34563.0,26837.8156,-0.019079992364494792,,,46.689634092011424
2021-11-22 10:30:00,0.7759,0.7788,0.7755,0.7772,25840.0,20090.3233,0.08868704433298298,,,48.938937805074836
2021-11-22 10:45:00,0.7774,0.7808,0.7774,0.7801,54382.0,42395.5361,0.2578924272462045,,,53.33147231461586
2021-11-22 11:00:00,0.7804,0.7837,0.7784,0.7821,20431.0,15960.9374,0.3823442167999002,,,56.13412216909145
2021-11-22 11:15:00,0.7822,0.7832,0.7809,0.7828,15542.0,12153.454,0.4290410813145746,,,57.10508648101931
2021-11-22 11:30:00,0.7829,0.7835,0.7798,0.7806,24658.0,19264.1484,0.3245809781893207,,,53.12506648874783
2021-11-22 11:45:00,0.7806,0.7822,0.7762,0.7767,29018.0,22605.7349,0.14552797053019692,,,46.886499034351196
2021-11-22 12:00:00,0.7764,0.7768,0.7737,0.7748,33871.0,26278.6893,0.03177157913655936,,,44.16541837931286
2021-11-22 12:15:00,0.7746,0.7802,0.7729,0.78,14174.0,11011.0153,0.37160072886646645,,,52.321003766221786
2021-11-22 12:30:00,0.7797,0.7844,0.7766,0.7796,106856.0,83491.3748,0.3545724871542942,,,51.69547720921173
2021-11-22 12:45:00,0.7786,0.7799,0.773,0.776,75465.0,58524.4411,0.12806629667000033,,,46.32722219287397
2021-11-22 13:00:00,0.7762,0.7777,0.7645,0.7662,72308.0,55747.2187,-0.522462959132508,,,35.51527282188049
2021-11-22 13:15:00,0.7653,0.7743,0.7623,0.7743,83525.0,64017.4135,0.0432016402207589,,,46.60692628387132
2021-11-22 13:30:00,0.7742,0.7898,0.7741,0.7879,149242.0,117168.2435,0.9531664014246997,,,59.27340950814122
2021-11-22 13:45:00,0.7877,0.7888,0.7825,0.7854,115019.0,90450.4182,0.76080862469843,,,56.6146109167779
2021-11-22 14:00:00,0.7863,0.7888,0.7852,0.7857,61257.0,48230.5987,0.7821526527653938,,,56.864659667461794
2021-11-22 14:15:00,0.7852,0.7866,0.7791,0.7812,33004.0,25832.643,0.46252961301392703,,,52.02138554759144
2021-11-22 14:30:00,0.7813,0.7836,0.7811,0.7836,8894.0,6957.681,0.6584765341587833,,,54.25900203169676
2021-11-22 14:45:00,0.7836,0.7856,0.774,0.7755,105700.0,82476.632,0.02675711700103219,,,46.39462881187104
2021-11-22 15:00:00,0.776,0.7781,0.773,0.7757,26438.0,20524.5926,0.041131132702333616,,,46.60043559691921
2021-11-22 15:15:00,0.7757,0.7781,0.7741,0.7767,21017.0,16316.8496,0.12128509423876152,,,47.682011753277074
2021-11-22 15:30:00,0.7774,0.7775,0.7739,0.7759,14480.0,11235.9509,0.020761238104333016,,,46.864233460498376
2021-11-22 15:45:00,0.7762,0.7772,0.7755,0.7765,30226.0,23461.9013,0.06530228820718187,,,47.59023768011726
2021-11-22 16:00:00,0.7769,0.7771,0.7721,0.7726,66967.0,51799.5188,-0.3319701446770994,,,43.435923881294485
2021-11-22 16:15:00,0.7729,0.7775,0.772,0.7761,23588.0,18293.4787,0.007419063136060942,,,47.83674979072969
2021-11-22 16:30:00,0.776,0.7787,0.7757,0.7787,13757.0,10696.8924,0.28704276633871517,,,50.893251592559416
2021-11-22 16:45:00,0.7789,0.7812,0.7784,0.7805,19185.0,14956.6614,0.5088721845574351,,,52.948740358796854
2021-11-22 17:00:00,0.7808,0.7829,0.7792,0.7818,40020.0,31266.9621,0.5854837611575368,,,54.43223898913025
2021-11-22 17:15:00,0.7819,0.782,0.7763,0.7767,8657.0,6745.7041,-0.2079484899543714,,,48.03379591247608
2021-11-22 17:30:00,0.777,0.777,0.7739,0.7749,21711.0,16829.5682,-0.5643324352093398,,,45.97947117294362
2021-11-22 17:45:00,0.7749,0.7773,0.7748,0.7771,7957.0,6181.2278,-0.2527835612568008,,,48.85840269584861
2021-11-22 18:00:00,0.7769,0.7773,0.7739,0.7739,8679.0,6734.6718,-0.8652825761831587,,,45.09394264494155
2021-11-22 18:15:00,0.7739,0.7741,0.7725,0.7725,6863.0,5308.2647,-1.2002884978736268,,,43.51430238454783
2021-11-22 20:15:00,0.7591,0.7619,0.756,0.7572,25441.0,19318.5105,-3.5908504477469547,,,30.81147174552865
2021-11-22 20:30:00,0.7577,0.7588,0.7544,0.7545,37616.0,28457.8178,-3.501776445039745,,,29.19194356267768
2021-11-22 20:45:00,0.7552,0.7573,0.751,0.7522,191179.0,143833.0065,-3.116780710642875,,,27.849068835722406
2021-11-22 21:00:00,0.7512,0.7558,0.75,0.7533,65994.0,49703.1999,-2.6550955104130183,,,29.518983134675793
2021-11-22 21:15:00,0.7515,0.7536,0.7506,0.751,16421.0,12351.2144,-2.6901858100822706,,,28.056772980755156
2021-11-22 21:30:00,0.7516,0.7599,0.7513,0.7562,39660.0,29994.6086,-1.9870262021816627,,,35.79970771843344
2021-11-22 21:45:00,0.7567,0.7601,0.7545,0.7598,16149.0,12226.2437,-1.5418593681668322,,,40.568579396277606
2021-11-22 22:00:00,0.7598,0.7664,0.7596,0.7638,134868.0,103080.9436,-1.0229632239692985,,,45.4198503056117
2021-11-22 22:15:00,0.7631,0.7638,0.7588,0.7601,22876.0,17391.4601,-1.3638928663167178,,,42.00430801724966
2021-11-22 22:30:00,0.7594,0.7654,0.7592,0.765,13637.0,10376.1299,-0.8409982808043549,,,47.621813036036606
2021-11-22 22:45:00,0.7655,0.7685,0.764,0.7685,16099.0,12330.4701,-0.44900274492448583,,,51.2538067487018
2021-11-22 23:00:00,0.7674,0.7684,0.765,0.7658,11829.0,9058.4321,-0.7100944530035985,,,48.462054641428445
2021-11-22 23:15:00,0.7661,0.7666,0.7615,0.7654,45678.0,34916.4149,-0.7111418905532372,,,48.044536220296834
2021-11-22 23:30:00,0.7655,0.7656,0.7616,0.7626,17390.0,13275.8323,-0.9776413180051761,,,45.1145018913161
2021-11-22 23:45:00,0.7624,0.7658,0.7623,0.7649,23195.0,17722.1138,-0.7165935482274683,,,47.92395129898205
2021-11-23 00:00:00,0.7649,0.7653,0.7567,0.7583,25998.0,19771.3416,-1.3359272665110453,,,41.37850603856599
2021-11-23 00:15:00,0.7582,0.7854,0.7572,0.7814,182789.0,142187.4624,0.8813723533560875,,,61.30085899246275
2021-11-23 00:30:00,0.7814,0.7836,0.7805,0.7834,38002.0,29708.1298,1.0680002202787917,,,62.48946973361675
                                                                                                                                                                                                                                                                                                                                                                                                                                                                                                                                                                                                                                                                                                                                                                                                                                                                                                                                                                                                                                                                                                                                                                                                                                                                                                                                                                                                                                                                                                                                                                                                                                                                                                                                                                                                                                                                                                                                                                                                                                                                                                                                                                                                                                                                                                                                                                                                                                                                                                                                                                                                                                                                                                                                                                                                                                                                                                                                                                                                                                                                                                                                                                                                                                                                                                                                                                                                                                                                                                                                                                                                                                                                                                                                                                                                                                                                                                                                                                                                                                                                                                                                                                                                                                                                                                                                                                                                                                                                                                                                                                                                                                                                                                                                                                                                                                                                                                                                                                                                                                                                                                                                                                                                                                                                                                                                                                                                                                                                                                                                                                                                                                                                                                                                                                                                                                                                                                                                                                                                                                                                                                                                                                                                                                                                                                                                                                                                                                                                                                                                                                                                                                                                                                                                                                                                                                                                                                                                                                                                                                                                                                                                                                                                                                                                                                                                                                                                                                                                                                                                                                                                                                                                                                                                                                                                                                                                                                                                                                                                                                                                                                                                                                    2021-11-21 14:50:00,0.8124,0.813,0.8118,0.813,10656.0,8654.6088,0.03835245225018847,,,51.89070650930751
2021-11-21 14:55:00,0.813,0.813,0.8108,0.8108,6407.0,5203.0231,-0.4066939669764265,,,45.08344701977924
2021-11-21 15:00:00,0.8103,0.8103,0.8079,0.8086,15618.0,12631.8723,-0.8095712168333715,,,39.5026791682833
2021-11-21 15:05:00,0.8101,0.8108,0.8097,0.8108,3329.0,2696.8651,-0.31814367063742716,,,46.6188946276238
2021-11-21 15:10:00,0.8106,0.8109,0.8091,0.81,6977.0,5650.106,-0.46923775505707926,,,44.5659912600466
2021-11-21 15:15:00,0.81,0.8128,0.8098,0.8124,40279.0,32668.7875,0.04370116110812669,,,51.470298281441586
2021-11-21 15:20:00,0.8124,0.8134,0.812,0.8131,9286.0,7547.3027,0.2008948537188999,,,53.297374185965104
2021-11-21 15:25:00,0.8125,0.816,0.8125,0.816,9033.0,7356.9424,0.8714306261249066,,,60.013873106675746
2021-11-21 15:30:00,0.8155,0.8155,0.8138,0.8147,8534.0,6950.3329,0.5820152477030248,,,56.1177561484165
2021-11-21 15:35:00,0.8151,0.8153,0.8136,0.8136,6716.0,5468.744,0.3219915008577616,,,52.983360291310035
2021-11-21 15:40:00,0.8142,0.8172,0.8142,0.8156,5900.0,4815.1245,0.8710541279021241,,,57.61839451706235
2021-11-21 15:45:00,0.8157,0.8173,0.8146,0.8171,8134.0,6639.0575,1.2973055458484035,,,60.744127928856884
2021-11-21 15:50:00,0.8171,0.8172,0.8159,0.8171,10384.0,8479.3339,1.3165710354684084,,,60.744127928856884
2021-11-21 15:55:00,0.8172,0.8177,0.8165,0.8167,12574.0,10276.2451,1.206893029008942,,,59.38949306759233
2021-11-21 16:00:00,0.8177,0.8203,0.8177,0.8199,30395.0,24900.5538,1.9998198419185202,,,65.93446553390794
2021-11-21 16:05:00,0.8201,0.8212,0.8199,0.8204,14894.0,12224.6365,2.088937750444201,,,66.83389798929097
2021-11-21 16:10:00,0.8194,0.8211,0.8189,0.8207,13018.0,10680.0786,2.07152714536295,,,67.39023373771705
2021-11-21 16:15:00,0.8211,0.8211,0.8167,0.8174,18710.0,15308.6967,1.1122108263701755,,,56.21895963241768
2021-11-21 16:20:00,0.8176,0.8183,0.8167,0.8172,6073.0,4963.6193,1.0785127717855243,,,55.61721020580963
2021-11-21 16:25:00,0.8172,0.8177,0.816,0.8165,8995.0,7346.9582,0.9069723359000699,,,53.46037191934212
2021-11-21 16:30:00,0.8172,0.8179,0.8161,0.8175,12887.0,10527.4286,1.1579854052125218,,,56.080670196042675
2021-11-21 16:35:00,0.8174,0.8176,0.8165,0.8172,4569.0,3733.0254,1.067188175679003,,,55.07878465339921
2021-11-21 16:40:00,0.8172,0.82,0.8172,0.82,7796.0,6386.7601,1.770477621431136,,,61.91719694965987
2021-11-21 16:45:00,0.82,0.8219,0.8199,0.8219,16183.0,13282.6386,2.1358885450991836,,,65.72963477334304
2021-11-21 16:50:00,0.8213,0.8246,0.8203,0.8243,22474.0,18463.652,2.4894239899664248,,,69.83722807676128
2021-11-21 16:55:00,0.8246,0.8257,0.8236,0.8244,11521.0,9501.8058,2.328501934891222,,,69.99858362539531
2021-11-21 17:00:00,0.825,0.8263,0.8215,0.8219,12342.0,10166.6845,1.6930087896468706,,,61.1862455240737
2021-11-21 17:05:00,0.8216,0.8221,0.8202,0.8212,30327.0,24885.8462,1.4495895764208124,,,58.9484668641529
2021-11-21 17:10:00,0.8209,0.821,0.82,0.8209,4488.0,3682.8057,1.3530464834007856,,,57.96993707808077
2021-11-21 17:15:00,0.8205,0.8219,0.82,0.8214,10916.0,8964.8119,1.4103426746155077,,,59.18596759381559
2021-11-21 17:20:00,0.8214,0.8236,0.8214,0.8234,12703.0,10448.7492,1.7385712909219626,,,63.708984664999264
2021-11-21 17:25:00,0.8234,0.8236,0.8226,0.8234,5267.0,4335.0564,1.6772446670835814,,,63.708984664999264
2021-11-21 17:30:00,0.8228,0.8233,0.82,0.8205,27546.0,22632.4317,1.0515967644810116,,,53.70115864205617
2021-11-21 17:35:00,0.82,0.8224,0.8198,0.8214,8979.0,7377.517,1.19231260501169,,,56.01064727861028
2021-11-21 17:40:00,0.8208,0.821,0.8198,0.8198,11468.0,9404.1407,0.864605133601914,,,51.12788386708926
2021-11-21 17:45:00,0.8205,0.8208,0.8197,0.8198,3813.0,3126.541,0.8508356758858004,,,51.12788386708926
2021-11-21 17:50:00,0.8198,0.8198,0.8189,0.8192,3036.0,2487.3545,0.7263530523113764,,,49.26024753313489
2021-11-21 17:55:00,0.8189,0.8189,0.8156,0.8156,11012.0,8998.1599,0.016010367794984843,,,39.85354539181801
2021-11-21 20:50:00,0.7995,0.8052,0.7995,0.8044,106783.0,85716.5397,-1.9765308649745454,,,24.303976680688123
2021-11-21 20:55:00,0.8044,0.805,0.8031,0.8034,8090.0,6507.2612,-2.0836611562855416,,,23.425155474579796
2021-11-21 21:00:00,0.8034,0.8049,0.8034,0.8036,12409.0,9978.9132,-1.9437934549370368,,,24.01692788815032
2021-11-21 21:05:00,0.8039,0.8048,0.8031,0.8048,37226.0,29933.6742,-1.605467767152879,,,27.63068522618191
2021-11-21 21:10:00,0.8041,0.8043,0.8031,0.8043,7270.0,5841.7173,-1.634402054405924,,,27.053338840346456
2021-11-21 21:15:00,0.8044,0.806,0.8044,0.8045,9616.0,7741.3983,-1.5880865652313756,,,27.70407254918935
2021-11-21 21:20:00,0.8043,0.8062,0.8043,0.8057,6355.0,5117.8356,-1.358009923876511,,,31.644190733876044
2021-11-21 21:25:00,0.8059,0.8062,0.8045,0.8052,7693.0,6193.6412,-1.3970012419239646,,,30.888802987313355
2021-11-21 21:30:00,0.8053,0.8085,0.8053,0.8077,34489.0,27858.6879,-0.9484913320266091,,,38.76040197492613
2021-11-21 21:35:00,0.808,0.8084,0.8074,0.808,3639.0,2939.6875,-0.8921369460719876,,,39.6487169492381
2021-11-21 21:40:00,0.8078,0.8083,0.8064,0.8071,8423.0,6798.199,-1.010674225029379,,,37.87379439922336
2021-11-21 21:45:00,0.8073,0.8073,0.8044,0.8047,23886.0,19232.222,-1.3152024239530318,,,33.55941735092557
2021-11-21 21:50:00,0.8048,0.8055,0.8041,0.8045,10295.0,8284.8471,-1.3219831481661817,,,33.2198078488406
2021-11-21 21:55:00,0.804,0.8059,0.804,0.8051,5384.0,4333.7856,-1.2067827492706598,,,35.334013674170464
2021-11-21 22:00:00,0.8052,0.8052,0.8041,0.8046,5467.0,4397.9874,-1.2555063584253576,,,34.35783606643594
2021-11-21 22:05:00,0.8048,0.8048,0.8036,0.8037,3799.0,3053.8955,-1.3586458287438041,,,32.611362560530054
2021-11-21 22:10:00,0.8039,0.8048,0.8039,0.8045,1693.0,1361.9497,-1.222934199470935,,,35.7383094572924
2021-11-21 22:15:00,0.8046,0.8046,0.8034,0.8045,3837.0,3084.7757,-1.1957088043872919,,,35.7383094572924
2021-11-21 22:20:00,0.8038,0.8038,0.8028,0.8035,4714.0,3786.0266,-1.2993687260556745,,,33.485764687545895
2021-11-21 22:25:00,0.8035,0.8035,0.8027,0.8032,1086.0,872.1301,-1.313260324733268,,,32.817496462709926
2021-11-21 22:30:00,0.8032,0.8033,0.8013,0.8013,6986.0,5601.9833,-1.5122610874833424,,,28.88570407217604
2021-11-21 22:35:00,0.8013,0.802,0.7988,0.7992,8448.0,6756.7291,-1.7083609174739036,,,25.280563104149948
2021-11-21 22:40:00,0.7994,0.7994,0.7925,0.7926,70756.0,56216.0221,-2.1758866260242495,,,17.772874005021833
2021-11-21 22:45:00,0.7932,0.7977,0.7928,0.7977,7144.0,5678.0597,-1.4983504763930642,,,34.06706700091668
2021-11-21 22:50:00,0.7976,0.7976,0.7959,0.7966,5453.0,4342.7985,-1.5363676096653507,,,32.56801655642899
2021-11-21 22:55:00,0.7968,0.7971,0.796,0.7967,1887.0,1503.225,-1.4695516922329943,,,32.85726599357339
2021-11-21 23:00:00,0.7976,0.7994,0.797,0.7994,2624.0,2093.9647,-1.1242250878023565,,,40.30300038561354
2021-11-21 23:05:00,0.7997,0.8,0.7987,0.8,2514.0,2010.0707,-1.0160538336552452,,,41.84632697379995
2021-11-21 23:10:00,0.8002,0.8002,0.7972,0.7972,19069.0,15214.7126,-1.2648956937904334,,,37.0345658747514
2021-11-21 23:15:00,0.7977,0.7985,0.7961,0.7965,7275.0,5801.5372,-1.2940779333683141,,,35.922481510818386
2021-11-21 23:20:00,0.7962,0.7975,0.7962,0.7975,1184.0,943.4037,-1.1490386406095316,,,38.75197817508306
2021-11-21 23:25:00,0.7975,0.7983,0.7967,0.7975,8274.0,6597.5445,-1.114688496967355,,,38.75197817508306
2021-11-21 23:30:00,0.7975,0.7981,0.7933,0.7948,45482.0,36161.1053,-1.2787335335786436,,,34.04454496963697
2021-11-21 23:35:00,0.7947,0.7953,0.7933,0.7953,7184.0,5708.4362,-1.167717764977928,,,35.604586462814424
2021-11-21 23:40:00,0.7959,0.7964,0.7932,0.7933,13591.0,10804.4576,-1.2796335206449982,,,32.312297526679686
2021-11-21 23:45:00,0.7931,0.7956,0.7923,0.7934,53997.0,42865.9967,-1.138602393123448,,,32.64764840485428
2021-11-21 23:50:00,0.7933,0.7933,0.7841,0.7853,61212.0,48268.9696,-1.7452205828060066,,,22.795855522572396
2021-11-21 23:55:00,0.7841,0.7887,0.783,0.7883,57314.0,45072.988,-1.2471901466840845,,,31.089913766793998
2021-11-22 00:00:00,0.7859,0.7886,0.7834,0.7853,23827.0,18739.5048,-1.4632098010966224,,,27.865984261579186
2021-11-22 00:05:00,0.7841,0.7856,0.7763,0.7792,44358.0,34626.9992,-1.8641264597313008,,,22.709372670978155
2021-11-22 00:10:00,0.7801,0.7807,0.7737,0.7737,49361.0,38387.7342,-2.126304854909875,,,19.250398662147575
2021-11-22 00:15:00,0.7734,0.7771,0.7717,0.7771,58304.0,45156.4687,-1.6496266756823545,,,26.684661575456346
2021-11-22 00:20:00,0.7772,0.7798,0.7754,0.779,12223.0,9506.1765,-1.3687062111791353,,,30.533522122546614
2021-11-22 00:25:00,0.779,0.7816,0.7782,0.7788,49552.0,38645.6737,-1.273506550068106,,,30.35288856397443
2021-11-22 00:30:00,0.7788,0.7808,0.7757,0.7787,80420.0,62719.459,-1.141304855375403,,,30.256506769713795
2021-11-22 00:35:00,0.7787,0.7813,0.7777,0.7793,8124.0,6332.1037,-1.0614707758377622,,,31.6587198779372
2021-11-22 00:40:00,0.7787,0.7812,0.778,0.7805,11337.0,8836.8255,-0.935066188820375,,,34.49531510338272
2021-11-22 00:45:00,0.7795,0.7799,0.7756,0.7797,56416.0,43865.1815,-0.9208259226433256,,,33.497120633017204
2021-11-22 00:50:00,0.7777,0.7793,0.7772,0.7785,2738.0,2130.1155,-0.8929205222236679,,,32.0012371926766
2021-11-22 00:55:00,0.778,0.7792,0.777,0.7772,4772.0,3713.8103,-0.9851980259334115,,,30.4165379602654
2021-11-22 01:00:00,0.7771,0.7805,0.7756,0.7799,55303.0,42993.2533,-0.7073004197046544,,,37.355120402927255
2021-11-22 01:05:00,0.7797,0.7799,0.7763,0.7763,13391.0,10422.3359,-0.9389929169883798,,,32.6764447536883
2021-11-22 01:10:00,0.7762,0.7762,0.7734,0.7735,14815.0,11480.2767,-1.135976450457224,,,29.573877000554646
2021-11-22 01:15:00,0.7732,0.7754,0.7701,0.7701,23432.0,18090.9564,-1.352332267315149,,,26.307464440544507
2021-11-22 01:20:00,0.7705,0.7749,0.7697,0.7749,38328.0,29546.1303,-0.9134346424327061,,,36.90290758138891
2021-11-22 01:25:00,0.7746,0.7787,0.7736,0.7787,39544.0,30722.7677,-0.5732042969784752,,,43.792830788731926
2021-11-22 01:30:00,0.7787,0.7803,0.7784,0.7795,26791.0,20873.7881,-0.4380347004376521,,,45.150728242579966
2021-11-22 01:35:00,0.7797,0.7797,0.7764,0.7778,9435.0,7340.5045,-0.5640872799275783,,,42.785280995568876
2021-11-22 01:40:00,0.7782,0.78,0.7774,0.78,2924.0,2277.1885,-0.37073078478073457,,,46.67850395890765
2021-11-22 01:45:00,0.7802,0.7822,0.779,0.7796,19486.0,15217.5262,-0.360397735111335,,,46.06475291077699
2021-11-22 01:50:00,0.7788,0.7805,0.7785,0.7796,14776.0,11508.0139,-0.3407115297098676,,,46.06475291077699
2021-11-22 01:55:00,0.7802,0.7823,0.7801,0.7811,11419.0,8918.689,-0.2075911912268119,,,48.982166266943665
2021-11-22 02:00:00,0.7808,0.7818,0.7784,0.7815,40924.0,31919.0756,-0.16051118625606883,,,49.76254661822557
2021-11-22 02:05:00,0.7809,0.7809,0.7795,0.7801,2414.0,1883.1081,-0.2715132530256913,-1.7395852418030942,,47.04988509828647
2021-11-22 02:10:00,0.7799,0.7799,0.778,0.778,15605.0,12154.7486,-0.4388840442494581,-1.8513223714462312,,43.24207341889017
2021-11-22 02:15:00,0.7772,0.7777,0.7755,0.7767,15997.0,12414.5985,-0.5349956834583578,-1.9095358502507038,,41.028416123371365
2021-11-22 02:20:00,0.7751,0.7751,0.7717,0.7718,22477.0,17402.7896,-0.9176588907056913,-2.185828107161244,,33.96960198818864
2021-11-22 02:25:00,0.7711,0.7723,0.7683,0.7697,12924.0,9951.4837,-1.0738376645473975,-2.2733448789193083,,31.470635639236235
2021-11-22 02:30:00,0.7697,0.774,0.7697,0.7733,20729.0,15999.1763,-0.7546896529796391,-1.9998325095881067,,39.66486519694164
2021-11-22 02:35:00,0.7738,0.7742,0.7722,0.7735,1233.0,953.4618,-0.7326861502428967,-1.9525771338788829,,40.09343152339541
2021-11-22 02:40:00,0.7736,0.7755,0.7733,0.7751,6289.0,4871.7505,-0.5504426293041724,-1.8311252435950793,,43.54805962572221
2021-11-22 02:45:00,0.7749,0.7759,0.7703,0.7714,13041.0,10084.2085,-0.8530957047537501,-2.026251182520639,,38.07937262265672
2021-11-22 02:50:00,0.7721,0.7737,0.7707,0.7737,7453.0,5750.3753,-0.6498305543376238,-1.8584921316138032,,42.881175373054496
2021-11-22 02:55:00,0.7739,0.776,0.7721,0.7721,19120.0,14823.2065,-0.7788781272973105,-1.9266944384164035,,40.5267364426828
2021-11-22 03:00:00,0.772,0.7749,0.7715,0.7743,30092.0,23269.4886,-0.5696182324395876,-1.7596131972879656,,44.998536492175724
2021-11-22 03:05:00,0.7731,0.7731,0.7717,0.7724,9529.0,7358.8212,-0.7280605764782706,-1.8480541674864552,,42.0573781602573
2021-11-22 03:10:00,0.7727,0.7728,0.7721,0.7728,2506.0,1935.3875,-0.6709871269300179,-1.8046820054333268,,42.903476330886036
2021-11-22 03:15:00,0.7726,0.7738,0.7714,0.7734,3243.0,2505.2821,-0.6116202305896645,-1.7491267500094463,,44.21925507298906
2021-11-22 03:20:00,0.7724,0.7726,0.7686,0.7694,16353.0,12594.8914,-0.9538957502112115,-1.9434075170521932,,37.941788339361615
2021-11-22 03:25:00,0.7699,0.7703,0.7674,0.7678,23891.0,18357.2506,-1.0607554103653756,-1.9864346722674848,,35.75524812726218
2021-11-22 03:30:00,0.7671,0.7686,0.7631,0.7647,69598.0,53262.1349,-1.204677647958561,-2.0685161913506938,,31.917354341239303
2021-11-22 03:35:00,0.7641,0.7711,0.763,0.7711,27848.0,21327.4592,-0.6162769391552149,-1.6795853969136598,,45.03466972708828
2021-11-22 03:40:00,0.7713,0.7713,0.766,0.7668,6803.0,5226.7405,-0.9824482593884641,-1.8963438623894728,,39.52468807238201
2021-11-22 03:45:00,0.7678,0.7718,0.7668,0.771,18377.0,14129.1367,-0.5357124345801538,-1.6384349095716388,,46.42024590280995
2021-11-22 03:50:00,0.7708,0.7708,0.7663,0.7663,2502.0,1922.2711,-0.9320828928442212,-1.8782471195658947,,40.81216610686262
2021-11-22 03:55:00,0.7674,0.7704,0.7669,0.7702,54240.0,41698.2527,-0.49551307978061127,-1.620990393135454,,46.57939253236864
2021-11-22 04:00:00,0.7701,0.7701,0.7676,0.7687,6163.0,4736.0336,-0.6215606602613941,-1.6850642266090716,,44.77240036439437
2021-11-22 04:05:00,0.7688,0.7724,0.7688,0.7723,4940.0,3806.2076,-0.27464954513476325,-1.4707416589083904,,49.80527859692222
2021-11-22 04:10:00,0.7715,0.7753,0.7715,0.7747,56782.0,43937.6209,-0.046623019656490336,-1.3068488270091427,,52.88767318507128
2021-11-22 04:15:00,0.7744,0.7744,0.7716,0.7719,7862.0,6079.4081,-0.33528267411492046,-1.4417401343107081,,49.09942790937476
2021-11-22 04:20:00,0.7722,0.7745,0.7719,0.7725,61935.0,47865.4873,-0.2574885285509127,-1.3737130564335815,,49.927111184878974
2021-11-22 04:25:00,0.7723,0.7723,0.7684,0.7703,36825.0,28355.3385,-0.47555820117953473,-1.4642217824290666,,46.91475004273709
2021-11-22 04:30:00,0.7689,0.7713,0.7683,0.7695,13628.0,10492.0692,-0.5309775443092033,-1.4877778860698856,,45.83184609002179
2021-11-22 04:35:00,0.7701,0.771,0.7683,0.7704,38049.0,29281.2994,-0.41392006017367855,-1.4167374213864812,,47.30545882259266
2021-11-22 04:40:00,0.7708,0.7722,0.7683,0.7687,13371.0,10290.8127,-0.6081111575226471,-1.4888775531301095,,44.82489878153123
2021-11-22 04:45:00,0.769,0.7712,0.7682,0.7712,13730.0,10570.5349,-0.2652144980456599,-1.3446182383429472,,49.05558516877517
2021-11-22 04:50:00,0.7712,0.7715,0.7662,0.7669,30446.0,23399.5761,-0.7772632535903568,-1.538713903002161,,42.954716430008965
2021-11-22 04:55:00,0.767,0.7693,0.7665,0.7669,5994.0,4603.9962,-0.7833039852260585,-1.5257137412284938,,42.954716430008965
2021-11-22 05:00:00,0.7669,0.7677,0.764,0.7645,13885.0,10627.8371,-1.0228889262674559,-1.629141959177962,,39.7543477896216
2021-11-22 05:05:00,0.7656,0.7656,0.7612,0.7622,163611.0,124826.4142,-1.1246231375583247,-1.656603209072573,,36.91576053949091
2021-11-22 05:10:00,0.762,0.7646,0.7608,0.7646,18095.0,13785.7725,-0.8218259445857022,-1.5188344576690287,,41.60159248026523
2021-11-22 05:15:00,0.7653,0.7664,0.7648,0.7664,4700.0,3598.0642,-0.6142664145413244,-1.419047746113558,,44.90687933611307
2021-11-22 05:20:00,0.7665,0.768,0.7658,0.7676,13049.0,10006.2542,-0.4339164544910777,-1.3242884813873164,,47.05817682195478
2021-11-22 05:25:00,0.7678,0.7678,0.7624,0.763,48655.0,37189.7276,-0.9921693569771208,-1.5222886084394038,,40.52547961344469
2021-11-22 05:30:00,0.7635,0.7695,0.7632,0.7682,42599.0,32672.6933,-0.2176998290208681,-1.2442337767295697,,49.12360810671708
2021-11-22 05:35:00,0.7683,0.7711,0.7683,0.7698,15993.0,12302.9563,0.0189374453560137,-1.1553085527718703,,51.449390054654664
2021-11-22 05:40:00,0.7712,0.7712,0.7692,0.7699,5083.0,3916.2451,0.03718720571347469,-1.139453752059096,,51.598318563464886
2021-11-22 05:45:00,0.7694,0.773,0.7691,0.7724,25076.0,19309.2511,0.4139735963048866,-1.002929872659762,,55.29069335707336
2021-11-22 05:50:00,0.7719,0.7729,0.7711,0.7714,8888.0,6860.7575,0.2878809552312173,-1.0394476056648763,,53.531555532965704
2021-11-22 05:55:00,0.7712,0.7755,0.7701,0.7753,185873.0,143742.9627,0.7398720493998084,-0.7853074078696478,,59.00908512401682
2021-11-22 06:00:00,0.7747,0.7747,0.7723,0.7732,4327.0,3346.8194,0.48896724848000594,-0.8806853002609739,,55.23362802558104
2021-11-22 06:05:00,0.774,0.774,0.772,0.7728,22052.0,17038.1702,0.42693209218961586,-0.8920323250883696,,54.51811609718901
2021-11-22 06:10:00,0.7728,0.7754,0.7721,0.775,83919.0,64983.5489,0.7106548682774582,-0.7528268239662042,,57.7592176133708
2021-11-22 06:15:00,0.7743,0.7748,0.7722,0.7745,15215.0,11770.072,0.6458119855095857,-0.7698865419758345,,56.76907441391128
2021-11-22 06:20:00,0.7742,0.7744,0.772,0.7724,26459.0,20437.8004,0.34863072931226513,-0.8620866360196887,,52.68409209415661
2021-11-22 06:25:00,0.7719,0.7723,0.7705,0.7712,11972.0,9232.6272,0.1754084043388103,-0.9066517994621073,,50.45007339016945
2021-11-22 06:30:00,0.771,0.7757,0.7705,0.7757,7233.0,5590.57,0.8837905977838112,-0.677481609234166,,57.69472888517096
2021-11-22 06:35:00,0.7757,0.7757,0.772,0.7731,4011.0,3101.0793,0.48492869504860353,-0.7951396737411658,,52.88365827898489
2021-11-22 06:40:00,0.7722,0.7746,0.7722,0.7727,3099.0,2398.7779,0.42803260443510005,-0.8106436373894006,,52.162983467205166
2021-11-22 06:45:00,0.773,0.773,0.7709,0.7711,3722.0,2872.8697,0.17776735588240877,-0.8778661451734795,,49.270634546126416
2021-11-22 06:50:00,0.7728,0.7747,0.7724,0.7745,3462.0,2680.2888,0.7468346350663218,-0.7093247204422812,,54.98291180201407
2021-11-22 06:55:00,0.7742,0.7759,0.774,0.7748,6133.0,4755.0103,0.8112972171598474,-0.6865264000129141,,55.459487702914494
2021-11-22 07:00:00,0.7746,0.7785,0.7737,0.7772,42933.0,33336.4964,1.1911031457294607,-0.5613901383952117,,59.1823529237389
2021-11-22 07:05:00,0.7774,0.78,0.777,0.7787,18031.0,14039.5618,1.4257269539767823,-0.48608426845169284,,61.356378391926256
2021-11-22 07:10:00,0.7789,0.7789,0.7767,0.7783,3912.0,3041.6435,1.352120260111876,-0.504085088231696,,60.432026709102985
2021-11-22 07:15:00,0.7787,0.7787,0.7758,0.7758,6347.0,4932.7984,0.9329289523726145,-0.6202562817074541,,54.86832401800521
2021-11-22 07:20:00,0.7768,0.7779,0.7759,0.7773,3187.0,2476.5516,1.2052344417677776,-0.5458519745176923,,57.402390016462
2021-11-22 07:25:00,0.7774,0.7807,0.7774,0.7799,7663.0,5973.0088,1.6623290799166492,-0.417360793326656,,61.44350139448601
2021-11-22 07:30:00,0.7798,0.7798,0.7781,0.7781,11404.0,8883.4474,1.334761361069413,-0.48005857807995245,,57.384719703985866
2021-11-22 07:35:00,0.7784,0.7786,0.7777,0.7777,7487.0,5825.6646,1.2551795381948836,-0.4973627275305853,,56.49166860617409
2021-11-22 07:40:00,0.7772,0.7783,0.7765,0.7782,2593.0,2014.9318,1.3718145798886077,-0.4696625893518828,,57.38444538411858
2021-11-22 07:45:00,0.7779,0.7779,0.7764,0.7771,6633.0,5155.4799,1.1581937221944154,-0.5158413486668852,,54.7239923581133
2021-11-22 07:50:00,0.7765,0.7772,0.7757,0.7767,7570.0,5877.0581,1.1032510263840174,-0.5211684536983433,,53.74815606616076
2021-11-22 07:55:00,0.7772,0.7776,0.7751,0.7751,4948.0,3840.8606,0.7889871824791573,-0.5776384976018036,,49.91402906376712
2021-11-22 08:00:00,0.7759,0.7776,0.7758,0.7776,1597.0,1240.0946,1.2676386878221737,-0.4548015392241275,,55.28177764015039
2021-11-22 08:05:00,0.7778,0.7778,0.7763,0.7777,4044.0,3143.1456,1.2657314708449228,-0.44616025313948593,,55.48727437747558
2021-11-22 08:10:00,0.7783,0.7783,0.777,0.7773,4350.0,3382.013,1.202499443559517,-0.46186827247678275,,54.41020072414716
2021-11-22 08:15:00,0.7776,0.7782,0.7769,0.7769,4297.0,3341.1252,1.1137320845639773,-0.47392639090564437,,53.296080732908024
2021-11-22 08:20:00,0.7768,0.7771,0.7755,0.7761,12938.0,10041.5756,0.9631925959477005,-0.5071512795955495,,51.044858732676616
2021-11-22 08:25:00,0.7764,0.7809,0.7763,0.7809,12086.0,9408.9376,1.7724507499441222,-0.2742152992883072,,61.54151844041587
2021-11-22 08:30:00,0.7809,0.7813,0.7781,0.7787,9770.0,7616.2387,1.344512118882584,-0.3762526607745068,,55.651755621566586
2021-11-22 08:35:00,0.7787,0.7813,0.7782,0.7813,7360.0,5741.5824,1.7364885914589125,-0.24907490805978805,,60.46706314272549
2021-11-22 08:40:00,0.7808,0.781,0.779,0.7797,10660.0,8314.8584,1.4197932699515714,-0.3230324307468871,,56.40805398503005
2021-11-22 08:45:00,0.7797,0.7802,0.7781,0.7782,3457.0,2692.7099,1.146129892420697,-0.38768796752370177,,52.82775519357033
2021-11-22 08:50:00,0.7778,0.7802,0.7776,0.7802,3532.0,2751.0833,1.436746676727705,-0.2860549848772126,,56.767864441237165
2021-11-22 08:55:00,0.7805,0.781,0.7795,0.7808,2910.0,2270.7564,1.5067728892513776,-0.25430083348213983,,57.903842934502634
2021-11-22 09:00:00,0.7806,0.7812,0.7794,0.7806,13459.0,10501.6905,1.4309401223946467,-0.2598921246944671,,57.36276857642349
2021-11-22 09:05:00,0.7804,0.7829,0.78,0.7829,26049.0,20354.0193,1.425788730262279,-0.14376339164223453,,61.785223480052245
2021-11-22 09:10:00,0.7828,0.784,0.7825,0.7832,17964.0,14068.6282,1.3927769675955024,-0.12774630214329555,,62.33400809446447
2021-11-22 09:15:00,0.7828,0.784,0.7817,0.7833,9608.0,7521.7041,1.3646720493146987,-0.11943810864647407,,62.527182851853794
2021-11-22 09:20:00,0.7832,0.7844,0.7826,0.7836,11090.0,8691.5973,1.3514314356807673,-0.10340420756952458,,63.13796482970191
2021-11-22 09:25:00,0.7837,0.7838,0.7826,0.7835,4477.0,3506.8825,1.2041298719649265,-0.10633623744833351,,62.770690811078296
2021-11-22 09:30:00,0.7835,0.7844,0.7825,0.7835,12175.0,9535.9737,1.1007662163238714,-0.0665171327434316,,62.770690811078296
2021-11-22 09:35:00,0.7835,0.7838,0.7805,0.7811,32909.0,25758.1,0.6724777375897647,-0.1787366851971172,,54.02359787926154
2021-11-22 09:40:00,0.7813,0.7819,0.7812,0.7815,5218.0,4078.0931,0.7178172718734035,-0.15758753851856197,,55.145478115240124
2021-11-22 09:45:00,0.7814,0.7835,0.7813,0.7835,3176.0,2484.4731,0.9877306018587045,-0.05809786120660215,,60.35454155408071
2021-11-22 09:50:00,0.7826,0.7833,0.7798,0.7798,4416.0,3450.1128,0.4127675412285004,-0.23650827997649845,,49.01408103433306
2021-11-22 09:55:00,0.7805,0.7805,0.7761,0.7761,11509.0,8950.735,-0.23870593818147806,-0.402217354111576,,40.765200693872565
2021-11-22 10:00:00,0.776,0.7777,0.7744,0.7752,32591.0,25264.5452,-0.3602063386782679,-0.43925506571885387,,39.04391497188966
2021-11-22 10:05:00,0.7753,0.7759,0.772,0.7759,13939.0,10776.037,-0.2758435679902879,-0.4012845007601354,,41.126132794271214
2021-11-22 10:10:00,0.7758,0.779,0.7758,0.7768,16347.0,12715.18,-0.2047436740071292,-0.3500267424145453,,43.784963835568654
2021-11-22 10:15:00,0.7765,0.7784,0.7759,0.7761,9212.0,7158.3807,-0.32510866857373105,-0.3801882517915931,,42.189054614303
2021-11-22 10:20:00,0.7761,0.7789,0.7754,0.7789,8887.0,6901.8895,0.055001084857135896,-0.2389633365910932,,50.03419551036303
2021-11-22 10:25:00,0.7782,0.7783,0.7753,0.7758,16464.0,12777.5454,-0.43733572205420945,-0.3863678728513311,,43.06609348395306
2021-11-22 10:30:00,0.7759,0.7788,0.7755,0.7782,13506.0,10505.5672,-0.07243283987729604,-0.2633146272825838,,48.98913160578136
2021-11-22 10:35:00,0.7785,0.7785,0.7758,0.7764,7417.0,5765.9829,-0.35457012492903656,-0.34947691699981737,,45.19179510859303
2021-11-22 10:40:00,0.7763,0.7781,0.7756,0.7772,4917.0,3818.7732,-0.2338729184313994,-0.3076912371943754,,47.15247267402419
2021-11-22 10:45:00,0.7774,0.7808,0.7774,0.779,41359.0,32253.0612,0.034715624941661034,-0.20199826215663544,,51.36798235444096
2021-11-22 10:50:00,0.7794,0.7798,0.7775,0.7791,10381.0,8081.7555,0.045227978681394276,-0.19294814384367745,,51.59897182562503
2021-11-22 10:55:00,0.7795,0.7808,0.779,0.7801,2642.0,2060.7194,0.1947638111543472,-0.14001325377603743,,53.95425992456249
2021-11-22 11:00:00,0.7804,0.7804,0.7784,0.7802,4770.0,3719.5171,0.18792563317275401,-0.1313978608873872,,54.194305445279454
2021-11-22 11:05:00,0.7802,0.7819,0.7791,0.7819,5934.0,4631.6196,0.45949753017086514,-0.045422686035496374,,58.18517923107347
2021-11-22 11:10:00,0.7816,0.7837,0.7816,0.7821,9727.0,7609.8007,0.4886557407089539,-0.032995703942436505,,58.641717069161686
2021-11-22 11:15:00,0.7822,0.7832,0.7817,0.7825,6803.0,5322.2358,0.5427131412192867,-0.00970739585590552,,59.59194793319799
2021-11-22 11:20:00,0.7825,0.7829,0.7809,0.7813,4205.0,3286.5185,0.34301355039643194,-0.06366651940390675,,55.47416592408534
2021-11-22 11:25:00,0.7813,0.7828,0.7811,0.7828,4534.0,3544.6997,0.6051983260334873,0.015443067452873861,,59.26343042020386
2021-11-22 11:30:00,0.7829,0.7835,0.7803,0.7805,13416.0,10482.1539,0.20223086568226123,-0.08169829104841687,,51.96138049116018
2021-11-22 11:35:00,0.7804,0.7814,0.7798,0.7814,6301.0,4919.4806,0.35536617186022096,-0.029973175509297297,,54.3325579336991
2021-11-22 11:40:00,0.7821,0.7824,0.7803,0.7806,4941.0,3862.5139,0.21392308538118673,-0.062322912633680484,,51.8811515955265
2021-11-22 11:45:00,0.7806,0.7822,0.7806,0.7819,3269.0,2555.1798,0.44456909402317735,0.010250007991282551,,55.40246031560591
2021-11-22 11:50:00,0.7817,0.7817,0.7794,0.7797,10225.0,7975.0191,0.034916242866193374,-0.0943168023861902,,48.883011999801205
2021-11-22 11:55:00,0.7795,0.7795,0.7762,0.7767,15524.0,12075.536,-0.5121850378397489,-0.23598334945471053,,41.68030227689781
2021-11-22 12:00:00,0.7764,0.7768,0.7757,0.7762,11409.0,8854.1287,-0.5992737296665471,-0.2534133463654375,,40.60639731865647
2021-11-22 12:05:00,0.7762,0.7767,0.7751,0.7751,18792.0,14579.7778,-0.7865221438631466,-0.3034525027035246,,38.2702326366127
2021-11-22 12:10:00,0.7752,0.7765,0.7737,0.7748,3670.0,2844.7828,-0.8472068741691777,-0.31371656142272253,,37.63430723451936
2021-11-22 12:15:00,0.7746,0.7755,0.7729,0.7752,4086.0,3165.2864,-0.774354004370148,-0.2849537238483339,,39.08766893374255
2021-11-22 12:20:00,0.7758,0.7763,0.7745,0.7763,1111.0,861.3778,-0.5811588187673897,-0.2179771753133597,,43.0201499878595
2021-11-22 12:25:00,0.7756,0.7802,0.7755,0.78,8977.0,6984.3511,0.14551653470123857,-0.03007932288484835,,53.81982558306671
2021-11-22 12:30:00,0.7797,0.7844,0.7786,0.7831,70008.0,54782.7963,0.6858578150818555,0.12607315244027922,,60.563975150185584
2021-11-22 12:35:00,0.7824,0.7824,0.7785,0.7787,17355.0,13543.0572,-0.21702214276479517,-0.07241020957808879,,49.51162842536037
2021-11-22 12:40:00,0.7794,0.7796,0.7766,0.7796,19493.0,15165.5213,-0.023472588105346925,-0.025795619077121242,,51.462773668186955
2021-11-22 12:45:00,0.7786,0.7799,0.7737,0.774,47742.0,37023.5033,-1.187780687419256,-0.29003956091898364,,40.87729335767084
2021-11-22 12:50:00,0.7737,0.7764,0.773,0.7742,5116.0,3964.7647,-1.1631473596372857,-0.2725842461405888,,41.341355408373644
2021-11-22 12:55:00,0.7748,0.7771,0.774,0.776,22607.0,17536.1731,-0.7515845765667956,-0.18040191588658475,,45.48839258169656
2021-11-22 13:00:00,0.7762,0.7777,0.7756,0.7759,10549.0,8195.2763,-0.7883103095202759,-0.16998041152294013,,45.296796961914524
2021-11-22 13:05:00,0.7761,0.7761,0.7686,0.7694,27944.0,21571.9815,-2.2724152659148085,-0.47912746446689153,,34.98260569723054
2021-11-22 13:10:00,0.7684,0.7706,0.7645,0.7662,33815.0,25979.9609,-2.7819403596441137,-0.6232245520871955,,31.21432736356917
2021-11-22 13:15:00,0.7653,0.7663,0.7623,0.765,47338.0,36180.6868,-2.7393696514571473,-0.6706098288267784,,29.913056916479974
2021-11-22 13:20:00,0.7629,0.7704,0.7629,0.7692,27624.0,21229.9693,-1.6918912332505427,-0.46051587156021145,,39.430500263982914
2021-11-22 13:25:00,0.7693,0.7743,0.7685,0.7743,8563.0,6606.7574,-0.48969397183829877,-0.2061443541813773,,48.564334302775634
2021-11-22 13:30:00,0.7742,0.7798,0.7741,0.7784,19390.0,15057.5282,0.5402364406238914,0.02987034555090799,,54.5041053261164
2021-11-22 13:35:00,0.7799,0.7892,0.7799,0.7861,94657.0,74394.9027,2.1443673054526133,0.39883284426241983,,63.11818967790092
2021-11-22 13:40:00,0.7864,0.7898,0.7847,0.7879,34739.0,27359.6966,2.360265598770405,0.4868283711228795,,64.7961936960375
2021-11-22 13:45:00,0.7877,0.7888,0.7825,0.7829,79006.0,62153.92,1.1195111463056264,0.25015507178587726,,57.03380642286801
2021-11-22 13:50:00,0.7833,0.7855,0.7829,0.784,15822.0,12406.2103,1.333710036074919,0.3054901096316821,,58.21964427465791
2021-11-22 13:55:00,0.7847,0.7881,0.7847,0.7854,20191.0,15890.2879,1.572335063851643,0.37568897834706516,,59.74252197237811
2021-11-22 14:00:00,0.7863,0.7876,0.7863,0.7869,12143.0,9556.0895,1.7977998109047373,0.4502910136840147,,61.36730654942906
2021-11-22 14:05:00,0.7863,0.7888,0.786,0.788,38099.0,30013.3553,1.8735485057819559,0.5022247839755798,,62.56064515119163
2021-11-22 14:10:00,0.7869,0.7882,0.7852,0.7857,11015.0,8661.1539,1.3432831437682191,0.4012473544142726,,58.49221728617966
2021-11-22 14:15:00,0.7852,0.7866,0.7825,0.7825,13412.0,10527.3077,0.6690542230735151,0.24479565325805858,,53.298838800496284
2021-11-22 14:20:00,0.7829,0.783,0.78,0.781,13727.0,10727.0709,0.3558673381872418,0.17373634792588263,,51.01243008707558
2021-11-22 14:25:00,0.781,0.7814,0.7791,0.7812,5865.0,4578.2644,0.3822038167124601,0.1916332850077098,,51.31233150367823
2021-11-22 14:30:00,0.7813,0.7829,0.7813,0.7818,4369.0,3417.9761,0.4978381785239085,0.22464219854478046,,52.25663497133338
2021-11-22 14:35:00,0.7825,0.783,0.7811,0.7813,3534.0,2764.294,0.3895176779976528,0.20190440190039888,,51.3626231946053
2021-11-22 14:40:00,0.7819,0.7836,0.7813,0.7836,991.0,775.4109,0.8502472914177572,0.3173464328546857,,55.16263057037092
2021-11-22 14:45:00,0.7836,0.7856,0.78,0.7803,53040.0,41587.6878,0.16629784392401598,0.15391080971585908,,49.2206353467678
2021-11-22 14:50:00,0.7806,0.7806,0.774,0.774,25642.0,19919.4755,-1.06876142506672,-0.15582510488218757,,40.29650334500437
2021-11-22 14:55:00,0.7753,0.7765,0.7744,0.7755,27018.0,20969.4687,-0.7419960685022045,-0.07990219243555459,,42.94878161312466
2021-11-22 15:00:00,0.776,0.7781,0.7753,0.7771,14041.0,10913.2927,-0.41527030338645055,0.0008264915747613211,,45.71879705589066
2021-11-22 15:05:00,0.7768,0.7768,0.7736,0.7742,6123.0,4746.383,-0.9765545521990302,-0.14250103587447346,,41.76102219450877
2021-11-22 15:10:00,0.7735,0.7763,0.773,0.7754,6079.0,4713.6554,-0.7270633718444166,-0.0808756602461062,,43.924235883853335
2021-11-22 15:15:00,0.7757,0.7765,0.7741,0.7751,6761.0,5240.811,-0.7744252416152045,-0.09350196631729643,,43.4893321767808
2021-11-22 15:20:00,0.7753,0.7781,0.7753,0.7778,4987.0,3875.6046,-0.2393842050590044,0.055058151744479006,,48.43755855313236
2021-11-22 15:25:00,0.7772,0.7774,0.776,0.7767,9269.0,7200.434,-0.4497690071582055,0.001970006805004429,,46.64553861684744
2021-11-22 15:30:00,0.7774,0.7775,0.7753,0.7756,2261.0,1755.8305,-0.6589086412867627,-0.05186944082647083,,44.85827804787842
2021-11-22 15:35:00,0.7763,0.7768,0.7739,0.7755,6716.0,5208.7634,-0.6685571523097759,-0.05645889987750723,,44.69063471642575
2021-11-22 15:40:00,0.7767,0.7774,0.7755,0.7759,5117.0,3971.7438,-0.5833072514568115,-0.03557442017516247,,45.56693141710928
2021-11-22 15:45:00,0.7762,0.7766,0.7756,0.7765,12423.0,9641.9646,-0.4578103386792661,-0.004542546625030099,,46.92529501055556
2021-11-22 15:50:00,0.7766,0.7772,0.7759,0.776,12502.0,9705.9034,-0.5450494507954768,-0.02476691718252158,,45.897409308206626
2021-11-22 15:55:00,0.7761,0.777,0.7755,0.7765,5301.0,4114.0333,-0.4519821756960434,0.002437641972423952,,47.144260571664425
2021-11-22 16:00:00,0.7769,0.7771,0.7741,0.7743,13034.0,10110.6169,-0.8726937380990112,-0.10890231874423265,,42.502830603662225
2021-11-22 16:05:00,0.7741,0.7747,0.7737,0.774,2303.0,1783.0618,-0.9409268435479334,-0.12214977798882493,,41.89708531921092
2021-11-22 16:10:00,0.7741,0.7741,0.7721,0.7726,51630.0,39905.8401,-1.145216131400996,-0.18084895864764458,,39.09678446889407
2021-11-22 16:15:00,0.7729,0.7762,0.772,0.7762,12708.0,9849.458,-0.4488833402995024,0.005197677162624441,,48.60873046444281
2021-11-22 16:20:00,0.7763,0.7775,0.7752,0.7759,8680.0,6738.303,-0.5035819480698037,-0.007182261347966025,,47.93683463758483
2021-11-22 16:25:00,0.7756,0.7761,0.775,0.7761,2200.0,1705.7177,-0.46017041940207226,0.015485730491957742,,48.44842578542268
2021-11-22 16:30:00,0.776,0.7769,0.7757,0.7765,1924.0,1493.8518,-0.3151485589655129,0.04418058786085618,,49.516873741809285
2021-11-22 16:35:00,0.7771,0.7785,0.7765,0.7771,7822.0,6080.9935,-0.19471623285663636,0.08549627147624261,,51.152301955568994
2021-11-22 16:40:00,0.7777,0.7787,0.7777,0.7787,4011.0,3122.0471,0.12200386621673802,0.17307314927538606,,55.309965572773834
2021-11-22 16:45:00,0.7789,0.7797,0.7784,0.7797,7097.0,5527.8777,0.27253439353278913,0.2293798767469986,,57.731479621249036
2021-11-22 16:50:00,0.7789,0.7804,0.7789,0.7799,4087.0,3186.9337,0.30835324823885957,0.2411336571295363,,58.21908549041761
2021-11-22 16:55:00,0.7799,0.7812,0.7787,0.7805,8001.0,6241.85,0.4116604489150975,0.2765421046682948,,59.72030430233911
2021-11-22 17:00:00,0.7808,0.7819,0.7793,0.7809,11587.0,9048.6802,0.4788836572848546,0.30022523705458626,,60.73324607514746
2021-11-22 17:05:00,0.78,0.7828,0.7792,0.782,23573.0,18416.4797,0.6372994415583714,0.3631248913578999,,63.454969588984305
2021-11-22 17:10:00,0.7827,0.7829,0.7818,0.7818,4860.0,3801.8022,0.5135674810885557,0.358492994601799,,62.60529609138935
2021-11-22 17:15:00,0.7819,0.782,0.7794,0.78,4548.0,3550.5442,-0.07793256712185305,0.2611232647472821,,55.413619587384076
2021-11-22 17:20:00,0.7798,0.7798,0.7775,0.7777,2444.0,1901.2578,-0.729323102067818,0.13481859636002227,,47.84982933319042
2021-11-22 17:25:00,0.7782,0.7782,0.7763,0.7767,1665.0,1293.9021,-0.9777003622533661,0.08329805161069552,,44.975380067549985
2021-11-22 17:30:00,0.777,0.777,0.7743,0.7749,9720.0,7535.1453,-1.378753620210338,-0.018348276541691175,,40.28435399543664
2021-11-22 17:35:00,0.7746,0.7751,0.7739,0.7743,3861.0,2990.5172,-1.3618023468676699,-0.05277042421781588,,38.83047217903046
2021-11-22 17:40:00,0.7746,0.7757,0.7743,0.7749,8130.0,6303.9057,-1.1525717578260797,-0.014040107253503124,,41.118981564147404
2021-11-22 17:45:00,0.7749,0.7771,0.7748,0.7771,3176.0,2466.4756,-0.46643558677880265,0.11447617879298175,,48.697924223791595
2021-11-22 17:50:00,0.7773,0.7773,0.7758,0.7762,1445.0,1122.6678,-0.6689885335745334,0.062145797033414864,,46.08459801641724
2021-11-22 17:55:00,0.7761,0.7773,0.7756,0.7771,3336.0,2592.0844,-0.37273374572829443,0.1146201858028883,,49.03024311037438
2021-11-22 18:00:00,0.7769,0.7773,0.7758,0.7758,4168.0,3237.3268,-0.6984303559144831,0.03697660298062432,,45.18970071654811
2021-11-22 18:05:00,0.7754,0.7763,0.7753,0.7758,1757.0,1363.5396,-0.4977248086516964,0.03978468153434256,,45.18970071654812
2021-11-22 18:10:00,0.7756,0.776,0.7739,0.7739,2754.0,2133.8054,-1.045933982373324,-0.0742619626165973,,39.893006515929535
2021-11-22 18:15:00,0.7739,0.7741,0.7731,0.7735,4518.0,3495.2389,-1.1078697736197662,-0.09901529203803912,,38.860333029231526
2021-11-22 18:20:00,0.7735,0.7737,0.7725,0.7725,2345.0,1813.0258,-1.3541382330190963,-0.16165054699321652,,36.32848170944918
2021-11-22 20:25:00,0.7576,0.7576,0.756,0.7572,6221.0,4708.1541,-4.55173007897354,-1.1159434084495399,,17.520247345187556
2021-11-22 20:30:00,0.7577,0.7588,0.7557,0.7563,21407.0,16207.6664,-3.796851082976852,-1.1679748121635196,,16.96387987377169
2021-11-22 20:35:00,0.7565,0.7565,0.7549,0.7564,7247.0,5476.2657,-3.272496923921274,-1.1614900210902894,,17.278208260836934
2021-11-22 20:40:00,0.7566,0.7566,0.7544,0.7545,8962.0,6773.8857,-3.159906350738933,-1.275134014786564,,16.036115540377807
2021-11-22 20:45:00,0.7552,0.7573,0.7552,0.7563,5425.0,4104.4324,-2.538296639973554,-1.1633194222715388,,21.773485801565826
2021-11-22 20:50:00,0.7556,0.7559,0.7539,0.7545,32257.0,24342.1503,-2.4325413519238848,-1.2688364399982752,,20.281050588622676
2021-11-22 20:55:00,0.7537,0.7548,0.751,0.7522,153497.0,115386.4238,-1.8820990838363545,-1.356515457795706,,18.533002692666855
2021-11-22 21:00:00,0.7512,0.7553,0.75,0.7553,23932.0,18004.5271,-1.3473222921674635,-1.1608370911211359,,27.59177460065912
2021-11-22 21:05:00,0.755,0.7558,0.7519,0.7519,16675.0,12587.5628,-1.6798973299454456,-1.3859418387186033,,24.388627508367648
2021-11-22 21:10:00,0.7522,0.7539,0.7515,0.7533,25387.0,19111.11,-1.3977460603443905,-1.2937745450818445,,28.090466472893624
2021-11-22 21:15:00,0.7515,0.7535,0.7512,0.7514,5445.0,4096.0562,-1.5657470004480247,-1.4235990849559328,,26.21467270172475
2021-11-22 21:20:00,0.7519,0.7534,0.7516,0.7524,8857.0,6661.3739,-1.380711235930322,-1.360720671883799,,28.90554417710348
2021-11-22 21:25:00,0.7524,0.7536,0.7506,0.751,2119.0,1593.7843,-1.4833429153813331,-1.4625468546464673,,27.399037789901158
2021-11-22 21:30:00,0.7516,0.759,0.7513,0.7583,21900.0,16535.7578,-0.6048437276926852,-0.9782812143927075,,43.836170089420776
2021-11-22 21:35:00,0.7583,0.7599,0.7565,0.7581,14887.0,11285.5462,-0.596008698196189,-0.9967915968450847,,43.54528821347654
2021-11-22 21:40:00,0.7568,0.7568,0.7552,0.7562,2873.0,2173.3046,-0.7953827012215754,-1.1313055824151415,,40.77702199431768
2021-11-22 21:45:00,0.7567,0.7568,0.7545,0.7557,7800.0,5893.06,-0.8050640004109983,-1.1721321450178717,,40.05536885397764
2021-11-22 21:50:00,0.7551,0.7584,0.7551,0.7584,3122.0,2364.1105,-0.4607788431131227,-0.9943916729981382,,45.649060232950674
2021-11-22 21:55:00,0.7584,0.7601,0.7584,0.7598,5227.0,3969.0732,-0.2836135164519857,-0.9039183333462433,,48.34086933598678
2021-11-22 22:00:00,0.7598,0.7619,0.7596,0.7618,5098.0,3877.6066,-0.023868527749269505,-0.7736558607554072,,51.99833411637745
2021-11-22 22:05:00,0.7619,0.7664,0.7619,0.7632,126673.0,96839.4456,0.1169551437594739,-0.6618385175344795,,54.430483273557236
2021-11-22 22:10:00,0.7628,0.7639,0.7627,0.7638,3097.0,2363.8914,0.2800902378612834,-0.6399092466262617,,55.47178615133644
2021-11-22 22:15:00,0.7631,0.7638,0.7602,0.7602,11214.0,8535.9171,-0.10011767567692557,-0.9098231050604605,,48.33503409528133
2021-11-22 22:20:00,0.7597,0.7605,0.7588,0.7602,11016.0,8364.503,-0.0759569332160664,-0.9204604705589089,,48.33503409528133
2021-11-22 22:25:00,0.7608,0.761,0.7594,0.7601,646.0,491.04,-0.08159671261214853,-0.9379135965247825,,48.13552576016178
2021-11-22 22:30:00,0.7594,0.7612,0.7592,0.7605,8599.0,6532.9195,-0.02961646183561569,-0.9193481453173736,,49.041591165206974
2021-11-22 22:35:00,0.7611,0.7629,0.7611,0.7629,3272.0,2492.3804,0.2691649002253542,-0.7460901468516525,,54.21042012791847
2021-11-22 22:40:00,0.7637,0.7654,0.7637,0.765,1766.0,1350.83,0.5220054839648742,-0.5915011341760582,,58.20518688152511
2021-11-22 22:45:00,0.7655,0.7664,0.764,0.7658,12048.0,9223.6843,0.6244725946272721,-0.5324766909216513,,59.64939632385676
2021-11-22 22:50:00,0.766,0.7667,0.7654,0.7667,1580.0,1210.5077,0.7360932348633762,-0.4617292168239662,,61.27077266285085
2021-11-22 22:55:00,0.7666,0.7685,0.7666,0.7685,2471.0,1896.2781,0.9578090846868772,-0.3207702356042139,,64.35565832199867
2021-11-22 23:00:00,0.7674,0.7684,0.7656,0.7656,1375.0,1054.665,0.6678920013129491,-0.5618712535498676,,56.54157058834226
2021-11-22 23:05:00,0.766,0.7673,0.766,0.7668,2123.0,1627.5385,0.8895455374498201,-0.47095703512873976,,58.77230824019506
2021-11-22 23:10:00,0.7653,0.7661,0.765,0.7658,8331.0,6376.2286,0.7826492365206169,-0.5610951581299246,,56.184144887539155
2021-11-22 23:15:00,0.7661,0.7666,0.765,0.7654,11140.0,8532.4918,0.7378811458454979,-0.6021505251976392,,55.138182525259396
2021-11-22 23:20:00,0.7651,0.7656,0.7623,0.7623,9076.0,6930.1302,0.39677437806352883,-0.876932078269556,,47.723080408077145
2021-11-22 23:25:00,0.7622,0.766,0.7615,0.7654,25462.0,19453.7929,0.7142821634852667,-0.6118109827967046,,54.33640012513795
2021-11-22 23:30:00,0.7655,0.7656,0.7623,0.7623,11142.0,8513.0173,0.3928170465943964,-0.898149170951562,,47.82137265509749
2021-11-22 23:35:00,0.7627,0.7629,0.7619,0.762,2154.0,1641.9534,0.36945636528505105,-0.9396927489054359,,47.23117378744113
2021-11-22 23:40:00,0.7628,0.7631,0.7616,0.7626,4094.0,3120.8616,0.4557569788869316,-0.90489156904752,,48.59756391304289
2021-11-22 23:45:00,0.7624,0.7653,0.7623,0.7653,12387.0,9454.9839,0.74724247105341,-0.7210259904559032,,54.32866635878803
2021-11-22 23:50:00,0.7652,0.7654,0.764,0.7654,2900.0,2215.8255,0.7553077721542075,-0.7297002271947833,,54.530871419228674
2021-11-22 23:55:00,0.7651,0.7658,0.7645,0.7649,7283.0,5573.0779,0.6994906128348497,-0.7903365028252733,,53.26113541419242
2021-11-23 00:00:00,0.7649,0.7653,0.7636,0.7653,8361.0,6390.7732,0.7419374766655029,-0.7634374432772428,,54.18030959692668
2021-11-23 00:05:00,0.765,0.7651,0.7606,0.7606,2212.0,1689.3041,0.2348187695847285,-1.2695892000426483,,43.384070245911246
2021-11-23 00:10:00,0.7605,0.7605,0.7567,0.7583,15425.0,11691.2643,-0.008244532748898713,-1.5177444103599438,,39.261117646563264
2021-11-23 00:15:00,0.7582,0.76,0.7572,0.7596,6816.0,5169.6585,0.14290723546723919,-1.3971760222435432,,42.582526402715686
2021-11-23 00:20:00,0.7603,0.7679,0.7601,0.7679,7686.0,5873.2303,1.0322624550681603,-0.5475654933064323,,58.27184642243296
2021-11-23 00:25:00,0.7684,0.7854,0.7681,0.7814,166407.0,129700.1391,2.014232336237842,0.8250109470978428,,71.77918851907224
2021-11-23 00:30:00,0.7814,0.7836,0.7805,0.7834,38002.0,29708.1298,2.11348911256425,1.033374925915524,,73.16505791392868
