Date,Open,High,Low,Close,Volume,Quote_Volume,48-zscore
2021-10-02 19:35:00,0.00000790,0.00000794,0.00000790,7.93e-06,66328572879.00,525484.27073215,
2021-10-02 19:40:00,0.00000793,0.00000795,0.00000791,7.94e-06,42741785041.00,338934.78486021,
2021-10-02 19:45:00,0.00000795,0.00000795,0.00000790,7.91e-06,36202760800.00,286539.99230344,
2021-10-02 19:50:00,0.00000791,0.00000792,0.00000786,7.92e-06,50657052684.00,399458.66291630,
2021-10-02 19:55:00,0.00000791,0.00000797,0.00000791,7.96e-06,64896077928.00,515476.12978966,
2021-10-02 20:00:00,0.00000797,0.00000797,0.00000791,7.93e-06,48531090305.00,385154.69392807,
2021-10-02 20:05:00,0.00000794,0.00000798,0.00000793,7.97e-06,48681463509.00,387315.48694334,
2021-10-02 20:10:00,0.00000797,0.00000801,0.00000796,8e-06,163586893303.00,1307153.15490612,
2021-10-02 20:15:00,0.00000801,0.00000820,0.00000800,8.2e-06,329548416649.00,2668769.32965065,
2021-10-02 20:20:00,0.00000819,0.00000823,0.00000808,8.12e-06,319051631115.00,2607031.55777180,
2021-10-02 20:25:00,0.00000812,0.00000817,0.00000811,8.12e-06,107979313012.00,877882.58566820,
2021-10-02 20:30:00,0.00000812,0.00000820,0.00000811,8.16e-06,109202903268.00,890161.62650892,
2021-10-02 20:35:00,0.00000817,0.00000819,0.00000813,8.14e-06,64001813616.00,522078.65521818,
2021-10-02 20:40:00,0.00000813,0.00000819,0.00000813,8.14e-06,87737807255.00,716295.11750381,
2021-10-02 20:45:00,0.00000815,0.00000818,0.00000813,8.16e-06,60339760515.00,492400.28058104,
2021-10-02 20:50:00,0.00000816,0.00000820,0.00000815,8.18e-06,87067738522.00,712041.37962739,
2021-10-02 20:55:00,0.00000819,0.00000820,0.00000818,8.2e-06,70803144412.00,580063.73141416,
2021-10-02 21:00:00,0.00000820,0.00000820,0.00000806,8.08e-06,168465462073.00,1367041.45033162,
2021-10-02 21:05:00,0.00000808,0.00000811,0.00000807,8.08e-06,58552539165.00,473464.21402424,
2021-10-02 21:10:00,0.00000807,0.00000810,0.00000806,8.08e-06,78891812512.00,637469.06626601,
2021-10-02 21:15:00,0.00000807,0.00000809,0.00000807,8.08e-06,26163687614.00,211453.99465634,
2021-10-02 21:20:00,0.00000807,0.00000809,0.00000807,8.07e-06,37011446258.00,298955.00458490,
2021-10-02 21:25:00,0.00000808,0.00000809,0.00000807,8.08e-06,25360857139.00,204865.37741525,
2021-10-02 21:30:00,0.00000808,0.00000808,0.00000796,7.99e-06,118722398269.00,950808.94853574,
2021-10-02 21:35:00,0.00000799,0.00000807,0.00000796,8.05e-06,86002458415.00,688559.28162657,
2021-10-02 21:40:00,0.00000805,0.00000805,0.00000800,8.01e-06,46653886737.00,374090.93931475,
2021-10-02 21:45:00,0.00000801,0.00000804,0.00000801,8.04e-06,20840426948.00,167220.56532569,
2021-10-02 21:50:00,0.00000804,0.00000804,0.00000803,8.04e-06,13226095288.00,106253.66269109,
2021-10-02 21:55:00,0.00000804,0.00000810,0.00000803,8.09e-06,51369206703.00,414180.52742509,
2021-10-02 22:00:00,0.00000809,0.00000812,0.00000806,8.08e-06,59965245535.00,485610.20588618,
2021-10-02 22:05:00,0.00000809,0.00000809,0.00000801,8.04e-06,44347315084.00,356532.24897730,
2021-10-02 22:10:00,0.00000804,0.00000806,0.00000804,8.05e-06,25144633704.00,202367.14338843,
2021-10-02 22:15:00,0.00000804,0.00000808,0.00000804,8.08e-06,18176835204.00,146430.94849822,
2021-10-02 22:20:00,0.00000808,0.00000813,0.00000808,8.1e-06,41455057682.00,336006.39388051,
2021-10-02 22:25:00,0.00000810,0.00000810,0.00000808,8.09e-06,13481640847.00,109043.96649892,
2021-10-02 22:30:00,0.00000809,0.00000810,0.00000807,8.07e-06,24441660932.00,197578.22033019,
2021-10-02 22:35:00,0.00000807,0.00000810,0.00000807,8.1e-06,19524121406.00,157916.15155835,
2021-10-02 22:40:00,0.00000809,0.00000814,0.00000809,8.14e-06,31552940183.00,256113.96849690,
2021-10-02 22:45:00,0.00000813,0.00000815,0.00000811,8.12e-06,36122595331.00,293853.69320771,
2021-10-02 22:50:00,0.00000811,0.00000815,0.00000811,8.13e-06,33799516839.00,274878.55014968,
2021-10-02 22:55:00,0.00000814,0.00000815,0.00000811,8.11e-06,42343538844.00,344393.60618661,
2021-10-02 23:00:00,0.00000812,0.00000815,0.00000810,8.15e-06,26834807578.00,217938.55053446,
2021-10-02 23:05:00,0.00000815,0.00000823,0.00000813,8.23e-06,111038892867.00,908490.76635394,
2021-10-02 23:10:00,0.00000823,0.00000824,0.00000815,8.18e-06,98776061087.00,809744.30821902,
2021-10-02 23:15:00,0.00000818,0.00000823,0.00000817,8.2e-06,51454880387.00,422078.00238687,
2021-10-02 23:20:00,0.00000820,0.00000820,0.00000815,8.15e-06,40179100676.00,328728.82620704,
2021-10-02 23:25:00,0.00000815,0.00000816,0.00000801,8.01e-06,88803639774.00,717454.68316202,
2021-10-02 23:30:00,0.00000803,0.00000803,0.00000785,7.96e-06,234504542151.00,1859195.25869778,
2021-10-02 23:35:00,0.00000796,0.00000804,0.00000791,7.94e-06,139425684736.00,1114100.17681664,
2021-10-02 23:40:00,0.00000794,0.00000799,0.00000790,7.92e-06,49029442849.00,389656.40828357,
2021-10-02 23:45:00,0.00000792,0.00000795,0.00000778,7.86e-06,171015521536.00,1344949.09728011,
2021-10-02 23:50:00,0.00000787,0.00000792,0.00000782,7.91e-06,125799418807.00,990465.34470814,
2021-10-02 23:55:00,0.00000791,0.00000792,0.00000786,7.86e-06,53546816850.00,422952.83884189,
2021-10-03 00:00:00,0.00000787,0.00000791,0.00000787,7.9e-06,57272995307.00,451973.34121217,
2021-10-03 00:05:00,0.00000790,0.00000795,0.00000789,7.91e-06,73957532944.00,586042.75738422,
2021-10-03 00:10:00,0.00000790,0.00000791,0.00000789,7.89e-06,21701699665.00,171424.90870872,
2021-10-03 00:15:00,0.00000790,0.00000794,0.00000789,7.93e-06,24417511206.00,193321.14042175,
2021-10-03 00:20:00,0.00000792,0.00000799,0.00000792,7.95e-06,37247063370.00,296548.81200155,
2021-10-03 00:25:00,0.00000795,0.00000796,0.00000790,7.91e-06,50180057411.00,398397.48706613,
2021-10-03 00:30:00,0.00000792,0.00000793,0.00000790,7.91e-06,38962079646.00,308366.28478241,
2021-10-03 00:35:00,0.00000791,0.00000792,0.00000789,7.9e-06,21052412724.00,166355.46030414,
2021-10-03 00:40:00,0.00000791,0.00000791,0.00000781,7.83e-06,43157012774.00,339027.37539261,
2021-10-03 00:45:00,0.00000783,0.00000786,0.00000773,7.74e-06,124792358256.00,971208.77609828,
2021-10-03 00:50:00,0.00000773,0.00000777,0.00000765,7.73e-06,165473062623.00,1274876.73398922,
2021-10-03 00:55:00,0.00000773,0.00000779,0.00000771,7.72e-06,58678115204.00,454409.07604551,
2021-10-03 01:00:00,0.00000773,0.00000780,0.00000772,7.77e-06,67383412340.00,523973.54844569,
2021-10-03 01:05:00,0.00000777,0.00000782,0.00000776,7.8e-06,31832414375.00,247894.46292719,
2021-10-03 01:10:00,0.00000780,0.00000781,0.00000777,7.77e-06,16835004770.00,131132.78689692,
2021-10-03 01:15:00,0.00000777,0.00000781,0.00000771,7.8e-06,55023938751.00,427029.88257506,
2021-10-03 01:20:00,0.00000780,0.00000782,0.00000771,7.71e-06,48347433714.00,375432.34877083,
2021-10-03 01:25:00,0.00000771,0.00000774,0.00000771,7.73e-06,31006296162.00,239529.66986687,
2021-10-03 01:30:00,0.00000774,0.00000774,0.00000770,7.73e-06,29058350075.00,224323.66158744,
2021-10-03 01:35:00,0.00000774,0.00000778,0.00000772,7.78e-06,17258100828.00,133713.65721281,
2021-10-03 01:40:00,0.00000778,0.00000781,0.00000776,7.8e-06,53061433329.00,412969.90396841,
2021-10-03 01:45:00,0.00000779,0.00000785,0.00000779,7.83e-06,25757479435.00,201662.15849381,
2021-10-03 01:50:00,0.00000784,0.00000786,0.00000783,7.85e-06,23348025386.00,183198.55247564,
2021-10-03 01:55:00,0.00000786,0.00000786,0.00000782,7.85e-06,20459346321.00,160444.95874979,
2021-10-03 02:00:00,0.00000784,0.00000789,0.00000782,7.88e-06,37793469999.00,296989.27257084,
2021-10-03 02:05:00,0.00000787,0.00000792,0.00000786,7.91e-06,22773655655.00,179555.51619965,
2021-10-03 02:10:00,0.00000791,0.00000793,0.00000790,7.91e-06,27523190250.00,217850.52837648,
2021-10-03 02:15:00,0.00000792,0.00000793,0.00000790,7.91e-06,33802256236.00,267376.06191594,
2021-10-03 02:20:00,0.00000790,0.00000800,0.00000789,8e-06,67811975802.00,539170.40843700,
2021-10-03 02:25:00,0.00000800,0.00000800,0.00000795,7.97e-06,36957517607.00,294750.01741246,
2021-10-03 02:30:00,0.00000797,0.00000798,0.00000795,7.96e-06,19469773034.00,155050.01915974,
2021-10-03 02:35:00,0.00000795,0.00000796,0.00000790,7.9e-06,20413075199.00,161845.30607977,
2021-10-03 02:40:00,0.00000790,0.00000793,0.00000788,7.89e-06,23685096652.00,187197.34016238,
2021-10-03 02:45:00,0.00000790,0.00000793,0.00000789,7.91e-06,25211964023.00,199434.86932561,
2021-10-03 02:50:00,0.00000792,0.00000793,0.00000789,7.92e-06,21011029955.00,166126.76252254,
2021-10-03 02:55:00,0.00000792,0.00000793,0.00000791,7.92e-06,9579935081.00,75921.07100261,
2021-10-03 03:00:00,0.00000793,0.00000796,0.00000793,7.95e-06,18345807200.00,145705.69744233,
2021-10-03 03:05:00,0.00000796,0.00000796,0.00000791,7.91e-06,23775952404.00,188855.46452363,
2021-10-03 03:10:00,0.00000791,0.00000795,0.00000791,7.94e-06,29156392023.00,231268.70511485,
2021-10-03 03:15:00,0.00000793,0.00000800,0.00000792,7.99e-06,25898742298.00,205910.60249504,
2021-10-03 03:20:00,0.00000800,0.00000800,0.00000794,7.96e-06,42565535242.00,339472.46347254,
2021-10-03 03:25:00,0.00000796,0.00000796,0.00000794,7.95e-06,13419883494.00,106744.99763390,0.5652283728108577
2021-10-03 03:30:00,0.00000796,0.00000800,0.00000795,8e-06,26090726428.00,208328.33339121,0.9668068137289072
2021-10-03 03:35:00,0.00000800,0.00000805,0.00000799,8.03e-06,67877320585.00,544661.32399569,1.1683093183859996
2021-10-03 03:40:00,0.00000803,0.00000809,0.00000802,8.05e-06,51825727465.00,417888.17801194,1.278680014786844
2021-10-03 03:45:00,0.00000806,0.00000806,0.00000800,8.01e-06,28822542065.00,231508.58227976,1.0000171449038118
2021-10-03 03:50:00,0.00000802,0.00000808,0.00000801,8.06e-06,29935643224.00,241068.16075402,1.338702442348521
2021-10-03 03:55:00,0.00000806,0.00000809,0.00000805,8.06e-06,33470549081.00,269990.60059089,1.3188446556195956
2021-10-03 04:00:00,0.00000806,0.00000808,0.00000805,8.05e-06,12823802034.00,103441.84268816,1.2450052028239313
2021-10-03 04:05:00,0.00000805,0.00000806,0.00000801,8.01e-06,29889025700.00,240102.13571082,0.9658936429569069
2021-10-03 04:10:00,0.00000801,0.00000803,0.00000800,8.03e-06,18872367618.00,151167.46603395,1.0987735254316684
2021-10-03 04:15:00,0.00000803,0.00000804,0.00000799,8.02e-06,29465793574.00,235935.40637981,1.0148030506836268
2021-10-03 04:20:00,0.00000803,0.00000803,0.00000800,8.01e-06,25956232796.00,208161.91497591,0.9384325951982257
2021-10-03 04:25:00,0.00000800,0.00000803,0.00000800,8.01e-06,15514331799.00,124267.46807354,0.936905758073425
2021-10-03 04:30:00,0.00000802,0.00000802,0.00000800,8e-06,7835935431.00,62722.82637726,0.869513427361556
2021-10-03 04:35:00,0.00000800,0.00000802,0.00000800,8.01e-06,10332269920.00,82715.93783030,0.9350640225277295
2021-10-03 04:40:00,0.00000802,0.00000802,0.00000800,8e-06,9607520307.00,76900.94553577,0.8632150438583782
2021-10-03 04:45:00,0.00000801,0.00000802,0.00000800,8.01e-06,15119616194.00,121035.21862786,0.8745709791169329
2021-10-03 04:50:00,0.00000801,0.00000802,0.00000800,8e-06,20571691317.00,164661.94623929,0.6787365780342665
2021-10-03 04:55:00,0.00000801,0.00000801,0.00000799,7.99e-06,26955618985.00,215731.76565123,0.5529494244774141
2021-10-03 05:00:00,0.00000800,0.00000800,0.00000799,8e-06,14100552154.00,112746.49198701,0.5782939811953774
2021-10-03 05:05:00,0.00000799,0.00000806,0.00000799,8.05e-06,35142659013.00,282296.67516874,0.9350951123902184
2021-10-03 05:10:00,0.00000805,0.00000813,0.00000805,8.1e-06,115491597470.00,935397.48357194,1.22538273168754
2021-10-03 05:15:00,0.00000810,0.00000812,0.00000806,8.09e-06,58914358549.00,476671.63904768,1.0570715089732219
2021-10-03 05:20:00,0.00000810,0.00000815,0.00000810,8.13e-06,44902649965.00,364845.18343547,1.3032492855383313
2021-10-03 05:25:00,0.00000813,0.00000817,0.00000813,8.16e-06,61543232822.00,501720.73984751,1.4656281054386884
2021-10-03 05:30:00,0.00000817,0.00000820,0.00000816,8.19e-06,69569850621.00,569220.17719946,1.612057623230338
2021-10-03 05:35:00,0.00000819,0.00000819,0.00000812,8.13e-06,47196375318.00,384774.30615977,1.0523090131184454
2021-10-03 05:40:00,0.00000813,0.00000814,0.00000810,8.1e-06,44700406628.00,362557.72404393,0.7140792970744725
2021-10-03 05:45:00,0.00000811,0.00000814,0.00000810,8.12e-06,30641360815.00,248910.42614255,0.8443430218636228
2021-10-03 05:50:00,0.00000812,0.00000816,0.00000812,8.15e-06,25720263856.00,209295.10856197,1.058334020101171
2021-10-03 05:55:00,0.00000816,0.00000816,0.00000810,8.13e-06,47508712337.00,385826.42435940,0.835567460134146
2021-10-03 06:00:00,0.00000812,0.00000814,0.00000808,8.09e-06,26117899119.00,211820.01102889,0.4479085880393643
2021-10-03 06:05:00,0.00000808,0.00000809,0.00000806,8.07e-06,21418607074.00,172865.72911635,0.254282572224307
2021-10-03 06:10:00,0.00000807,0.00000809,0.00000807,8.07e-06,23380871046.00,188874.11482126,0.2300888552440779
2021-10-03 06:15:00,0.00000807,0.00000808,0.00000804,8.07e-06,28754790621.00,231784.28576909,0.20025751494296457
2021-10-03 06:20:00,0.00000806,0.00000808,0.00000805,8.07e-06,15720046709.00,126811.11905604,0.18035721249406936
2021-10-03 06:25:00,0.00000807,0.00000811,0.00000807,8.11e-06,20088218601.00,162590.35985009,0.5029871225112655
2021-10-03 06:30:00,0.00000811,0.00000813,0.00000810,8.12e-06,26008145955.00,211114.17316767,0.5675823165481574
2021-10-03 06:35:00,0.00000812,0.00000813,0.00000811,8.13e-06,13193168772.00,107103.82800014,0.627275521415058
2021-10-03 06:40:00,0.00000813,0.00000813,0.00000809,8.1e-06,20604109026.00,167027.96651285,0.3394528824472268
2021-10-03 06:45:00,0.00000809,0.00000811,0.00000809,8.11e-06,20792200400.00,168408.00773725,0.39649921144997313
2021-10-03 06:50:00,0.00000811,0.00000811,0.00000807,8.09e-06,17916355698.00,144800.68132013,0.20346279183335042
2021-10-03 06:55:00,0.00000808,0.00000809,0.00000805,8.05e-06,17025652714.00,137314.45709369,-0.14754446792133682
2021-10-03 07:00:00,0.00000806,0.00000806,0.00000800,8.05e-06,69878523019.00,560813.94793655,-0.15315060123868723
2021-10-03 07:05:00,0.00000804,0.00000805,0.00000802,8.02e-06,18684759943.00,150153.51882780,-0.42737910823992614
2021-10-03 07:10:00,0.00000801,0.00000802,0.00000798,7.98e-06,48578541416.00,388460.27312360,-0.7656664404682867
2021-10-03 07:15:00,0.00000799,0.00000801,0.00000798,8e-06,21759045424.00,174061.53446956,-0.6009923459507631
2021-10-03 07:20:00,0.00000800,0.00000801,0.00000797,7.98e-06,22679604859.00,181125.19656102,-0.7882204731637391
2021-10-03 07:25:00,0.00000799,0.00000799,0.00000793,7.95e-06,67914515932.00,540547.23419536,-1.0048046314075392
2021-10-03 07:30:00,0.00000794,0.00000796,0.00000792,7.95e-06,33702619992.00,267607.56411209,-0.9974670021685255
2021-10-03 07:35:00,0.00000796,0.00000798,0.00000795,7.96e-06,20909088384.00,166392.54679730,-0.9251558311022924
2021-10-03 07:40:00,0.00000796,0.00000796,0.00000794,7.94e-06,13591878292.00,108041.60547762,-1.1116017978241615
2021-10-03 07:45:00,0.00000794,0.00000796,0.00000794,7.96e-06,20050002349.00,159520.83222872,-0.9385251949423367
2021-10-03 07:50:00,0.00000796,0.00000799,0.00000795,7.99e-06,15522799747.00,123727.65856294,-0.6824386810428011
2021-10-03 07:55:00,0.00000798,0.00000799,0.00000796,7.97e-06,21491059306.00,171294.34104341,-0.8757677355992561
2021-10-03 08:00:00,0.00000797,0.00000798,0.00000795,7.96e-06,20384587565.00,162409.85852780,-0.977562816508854
2021-10-03 08:05:00,0.00000796,0.00000799,0.00000796,7.97e-06,17529655890.00,139865.08238026,-0.890392276913476
2021-10-03 08:10:00,0.00000797,0.00000800,0.00000797,8e-06,12902303619.00,103146.79825145,-0.610107751578453
2021-10-03 08:15:00,0.00000800,0.00000804,0.00000799,8.03e-06,34028736085.00,272443.18598718,-0.31991030126589043
2021-10-03 08:20:00,0.00000803,0.00000807,0.00000803,8.07e-06,23715080967.00,191121.09935899,0.07663689154007439
2021-10-03 08:25:00,0.00000807,0.00000807,0.00000804,8.05e-06,16774240846.00,135112.89616890,-0.13760293887898556
2021-10-03 08:30:00,0.00000805,0.00000807,0.00000804,8.06e-06,23736497049.00,191204.65575532,-0.0356368652725747
2021-10-03 08:35:00,0.00000807,0.00000807,0.00000805,8.05e-06,13171488731.00,106174.69731966,-0.14940962304542246
2021-10-03 08:40:00,0.00000805,0.00000806,0.00000800,8e-06,47649804104.00,382742.70252866,-0.692221619555378
2021-10-03 08:45:00,0.00000801,0.00000802,0.00000800,8.02e-06,13081682649.00,104756.83716800,-0.47859074752999364
2021-10-03 08:50:00,0.00000802,0.00000803,0.00000801,8.02e-06,11395252776.00,91345.45496527,-0.48894855168433876
2021-10-03 08:55:00,0.00000803,0.00000803,0.00000802,8.02e-06,10940312966.00,87811.69815400,-0.5027857732798917
2021-10-03 09:00:00,0.00000803,0.00000803,0.00000795,7.96e-06,30279129167.00,241782.04633610,-1.1680248291515771
2021-10-03 09:05:00,0.00000795,0.00000797,0.00000791,7.93e-06,41035456672.00,325805.78955919,-1.4666270834392776
2021-10-03 09:10:00,0.00000793,0.00000793,0.00000785,7.86e-06,109104497988.00,859862.57030543,-2.0334407420482323
2021-10-03 09:15:00,0.00000785,0.00000793,0.00000785,7.9e-06,54560233256.00,430561.90485438,-1.5012587893986928
2021-10-03 09:20:00,0.00000789,0.00000791,0.00000787,7.9e-06,30476314771.00,240486.78001011,-1.4518833553934432
2021-10-03 09:25:00,0.00000791,0.00000791,0.00000788,7.88e-06,30341440849.00,239394.09597078,-1.6013131618601
2021-10-03 09:30:00,0.00000788,0.00000792,0.00000788,7.91e-06,23777856774.00,187784.31125295,-1.178717055819647
2021-10-03 09:35:00,0.00000792,0.00000794,0.00000791,7.92e-06,26852801717.00,212855.11229982,-1.0005419456422577
2021-10-03 09:40:00,0.00000792,0.00000792,0.00000788,7.9e-06,21093904561.00,166640.52940852,-1.1782583619346478
2021-10-03 09:45:00,0.00000790,0.00000791,0.00000787,7.89e-06,30220476039.00,238318.22887922,-1.2334682807510116
2021-10-03 09:50:00,0.00000789,0.00000793,0.00000789,7.92e-06,20889681463.00,165222.65967002,-0.8364165872656645
2021-10-03 09:55:00,0.00000793,0.00000793,0.00000788,7.93e-06,34773813317.00,274890.52172427,-0.6405863885901716
2021-10-03 10:00:00,0.00000793,0.00000794,0.00000789,7.91e-06,23238385327.00,183897.90827959,-0.8422396043416847
2021-10-03 10:05:00,0.00000792,0.00000792,0.00000791,7.91e-06,7148570980.00,56583.44939929,-0.8146841094039368
2021-10-03 10:10:00,0.00000792,0.00000795,0.00000791,7.95e-06,14251369981.00,113093.97714877,-0.3025354305851044
2021-10-03 10:15:00,0.00000795,0.00000797,0.00000794,7.96e-06,16623253324.00,132289.94578821,-0.15226515496025445
2021-10-03 10:20:00,0.00000796,0.00000798,0.00000795,7.97e-06,10698380874.00,85197.96973100,-0.015289946050175392
2021-10-03 10:25:00,0.00000797,0.00000798,0.00000796,7.98e-06,20986625706.00,167201.22046758,0.13239661949862916
2021-10-03 10:30:00,0.00000798,0.00000798,0.00000795,7.97e-06,10774829836.00,85813.09212988,0.04783979093079014
2021-10-03 10:35:00,0.00000796,0.00000797,0.00000792,7.94e-06,42351215896.00,336493.04585474,-0.2941520155468842
2021-10-03 10:40:00,0.00000795,0.00000796,0.00000792,7.95e-06,13858007739.00,110023.38937321,-0.14089889085515533
2021-10-03 10:45:00,0.00000796,0.00000796,0.00000794,7.94e-06,9059334613.00,72033.68800261,-0.23434032649326011
2021-10-03 10:50:00,0.00000794,0.00000795,0.00000787,7.88e-06,28825521652.00,227851.50803130,-0.9331462541311338
2021-10-03 10:55:00,0.00000788,0.00000792,0.00000788,7.91e-06,18609081534.00,147037.37586431,-0.5355097737466208
2021-10-03 11:00:00,0.00000791,0.00000794,0.00000790,7.94e-06,12056522495.00,95400.04844634,-0.09423501972680552
2021-10-03 11:05:00,0.00000794,0.00000796,0.00000792,7.95e-06,17467267492.00,138680.77525272,0.04308726936801983
2021-10-03 11:10:00,0.00000796,0.00000796,0.00000794,7.96e-06,22632439337.00,179981.02934563,0.18348219222691856
2021-10-03 11:15:00,0.00000796,0.00000798,0.00000795,7.98e-06,22140610900.00,176398.71792312,0.4426214049724966
2021-10-03 11:20:00,0.00000798,0.00000802,0.00000797,8.02e-06,43162779106.00,345159.00908310,0.9292791214696435
2021-10-03 11:25:00,0.00000802,0.00000805,0.00000800,8e-06,40958691053.00,328534.95854791,0.666079877770034
2021-10-03 11:30:00,0.00000800,0.00000801,0.00000799,8e-06,23383786106.00,187012.79725963,0.6662960855746746
2021-10-03 11:35:00,0.00000800,0.00000802,0.00000799,8.02e-06,14156446015.00,113328.66992787,0.9333934006740638
2021-10-03 11:40:00,0.00000802,0.00000805,0.00000801,8.01e-06,32355383488.00,259802.23931309,0.7948238348433715
2021-10-03 11:45:00,0.00000802,0.00000804,0.00000800,8.03e-06,42959798179.00,344552.10602424,1.0445271598084904
2021-10-03 11:50:00,0.00000802,0.00000804,0.00000802,8.04e-06,11991514658.00,96286.97551864,1.173831226965955
2021-10-03 11:55:00,0.00000804,0.00000805,0.00000803,8.05e-06,19060381011.00,153294.10903172,1.2947888577217046
2021-10-03 12:00:00,0.00000805,0.00000805,0.00000801,8.03e-06,23238960915.00,186583.26884374,1.0101511002492594
2021-10-03 12:05:00,0.00000803,0.00000804,0.00000802,8.02e-06,12481142132.00,100226.74005948,0.8721906901703744
2021-10-03 12:10:00,0.00000803,0.00000806,0.00000802,8.05e-06,23517817052.00,189131.05213418,1.2647668380342436
2021-10-03 12:15:00,0.00000805,0.00000806,0.00000804,8.06e-06,17836568446.00,143633.00985171,1.3857029302355346
2021-10-03 12:20:00,0.00000805,0.00000806,0.00000801,8.01e-06,41132966024.00,330937.31124964,0.7026144892094466
2021-10-03 12:25:00,0.00000802,0.00000803,0.00000800,8.02e-06,65094343134.00,521615.63055702,0.8073429816714556
2021-10-03 12:30:00,0.00000802,0.00000804,0.00000801,8.04e-06,21507962460.00,172529.46902538,1.0722671535360624
2021-10-03 12:35:00,0.00000803,0.00000805,0.00000802,8.03e-06,49542712917.00,398045.60951784,0.9074388854526192
2021-10-03 12:40:00,0.00000803,0.00000805,0.00000802,8.04e-06,11443885791.00,91968.86792208,1.045296736534332
2021-10-03 12:45:00,0.00000805,0.00000805,0.00000803,8.03e-06,20479223879.00,164613.54686025,0.9016812854776873
2021-10-03 12:50:00,0.00000803,0.00000806,0.00000803,8.06e-06,55390722670.00,445550.83723854,1.232723520602434
2021-10-03 12:55:00,0.00000805,0.00000807,0.00000805,8.06e-06,15324113172.00,123476.24566645,1.2096325494020583
2021-10-03 13:00:00,0.00000806,0.00000806,0.00000804,8.04e-06,15175112991.00,122089.47677325,0.9486823926932381
2021-10-03 13:05:00,0.00000804,0.00000805,0.00000802,8.03e-06,23533940441.00,188974.12445119,0.8077336792172954
2021-10-03 13:10:00,0.00000803,0.00000804,0.00000802,8.03e-06,15628467199.00,125485.44321192,0.7064892548192575
2021-10-03 13:15:00,0.00000802,0.00000806,0.00000802,8.05e-06,28490850235.00,229137.24385035,0.9382032195395285
2021-10-03 13:20:00,0.00000806,0.00000807,0.00000805,8.06e-06,35007470435.00,281965.68141483,1.0451929691500959
2021-10-03 13:25:00,0.00000806,0.00000812,0.00000806,8.12e-06,75139768951.00,608388.82207153,1.796553635326598
2021-10-03 13:30:00,0.00000811,0.00000812,0.00000809,8.1e-06,41093299879.00,332890.48738630,1.4239571246544633
2021-10-03 13:35:00,0.00000810,0.00000811,0.00000809,8.1e-06,27057816790.00,219291.95778832,1.360899177651422
2021-10-03 13:40:00,0.00000810,0.00000816,0.00000809,8.16e-06,74717487798.00,607961.23519968,2.054621944633235
2021-10-03 13:45:00,0.00000816,0.00000816,0.00000811,8.14e-06,78105474338.00,635878.45675286,1.611218254224067
2021-10-03 13:50:00,0.00000814,0.00000815,0.00000812,8.15e-06,30251520789.00,246226.04951102,1.6611782469423544
2021-10-03 13:55:00,0.00000814,0.00000815,0.00000813,8.13e-06,15923960673.00,129630.61139524,1.3040308319680982
2021-10-03 14:00:00,0.00000813,0.00000814,0.00000805,8.06e-06,50416526393.00,407580.92468157,0.2751339011322555
2021-10-03 14:05:00,0.00000805,0.00000808,0.00000805,8.08e-06,30030902892.00,242062.85110515,0.5420196045861245
2021-10-03 14:10:00,0.00000808,0.00000811,0.00000806,8.1e-06,28360239444.00,229368.23679730,0.7945289123040479
2021-10-03 14:15:00,0.00000810,0.00000810,0.00000808,8.08e-06,15796261243.00,127857.88217368,0.48794742464971064
2021-10-03 14:20:00,0.00000808,0.00000810,0.00000808,8.1e-06,12648137742.00,102305.59830331,0.7531118514361909
2021-10-03 14:25:00,0.00000810,0.00000810,0.00000807,8.07e-06,17139647145.00,138567.78566082,0.3098756130532292
2021-10-03 14:30:00,0.00000808,0.00000810,0.00000807,8.09e-06,14013271590.00,113306.31995735,0.5764186053557039
2021-10-03 14:35:00,0.00000809,0.00000810,0.00000806,8.07e-06,18155003941.00,146660.03489384,0.24333462092390726
2021-10-03 14:40:00,0.00000806,0.00000808,0.00000806,8.07e-06,12497220573.00,100844.69138724,0.2264525726859649
2021-10-03 14:45:00,0.00000808,0.00000808,0.00000806,8.07e-06,21964729113.00,177257.42281575,0.21243370699023978
2021-10-03 14:50:00,0.00000806,0.00000807,0.00000801,8.01e-06,86207604482.00,692774.18854343,-0.6501891062667249
2021-10-03 14:55:00,0.00000801,0.00000805,0.00000801,8.05e-06,18498650717.00,148452.51290541,-0.10775135939801377
2021-10-03 15:00:00,0.00000804,0.00000805,0.00000801,8.02e-06,20854099648.00,167387.20375845,-0.5403794750492367
2021-10-03 15:05:00,0.00000802,0.00000803,0.00000801,8.02e-06,17746404076.00,142325.89099531,-0.5505034627179456
2021-10-03 15:10:00,0.00000802,0.00000803,0.00000801,8.02e-06,23744865491.00,190469.34134647,-0.5617085447353426
2021-10-03 15:15:00,0.00000803,0.00000805,0.00000802,8.04e-06,22679198693.00,182193.67963347,-0.2921976928051752
2021-10-03 15:20:00,0.00000805,0.00000808,0.00000804,8.06e-06,21678132050.00,174789.54811028,-0.026413054216966225
2021-10-03 15:25:00,0.00000807,0.00000807,0.00000805,8.05e-06,17021254630.00,137115.10855942,-0.19433645234506444
2021-10-03 15:30:00,0.00000805,0.00000808,0.00000805,8.06e-06,17850363919.00,143942.80935904,-0.06528414570468845
2021-10-03 15:35:00,0.00000807,0.00000810,0.00000805,8.07e-06,49877640714.00,402904.07057519,0.0711569597898353
2021-10-03 15:40:00,0.00000808,0.00000808,0.00000800,8.01e-06,35196575407.00,282746.12350780,-0.8057678282014991
2021-10-03 15:45:00,0.00000801,0.00000804,0.00000800,8.02e-06,30848591633.00,247242.90242356,-0.6659558296649394
2021-10-03 15:50:00,0.00000803,0.00000803,0.00000801,8.02e-06,20401364404.00,163661.50380174,-0.6675585971664673
2021-10-03 15:55:00,0.00000802,0.00000803,0.00000801,8.02e-06,20492984648.00,164334.52281847,-0.6717096322495728
2021-10-03 16:00:00,0.00000802,0.00000805,0.00000801,8.05e-06,16651020237.00,133806.71923531,-0.22483013176801014
2021-10-03 16:05:00,0.00000804,0.00000808,0.00000804,8.08e-06,33246760259.00,268272.82499240,0.227033897311633
2021-10-03 16:10:00,0.00000808,0.00000832,0.00000807,8.28e-06,462942827385.00,3806612.69332759,2.4061783927755833
2021-10-03 16:15:00,0.00000828,0.00000845,0.00000821,8.43e-06,461875957077.00,3851977.22509416,3.3335514743797527
2021-10-03 16:20:00,0.00000844,0.00000850,0.00000838,8.43e-06,411842263688.00,3482681.15253472,2.6010034912942013
2021-10-03 16:25:00,0.00000842,0.00000854,0.00000838,8.48e-06,356289479785.00,3019616.44348860,2.597222106389492
2021-10-03 16:30:00,8.48e-06,8.5e-06,8.35e-06,8.35e-06,249227611941.0,2100735.98154614,0.989303060745379
2021-10-03 16:35:00,8.35e-06,8.48e-06,8.35e-06,8.43e-06,172027457595.0,1448970.11667267,1.7313178250959027
2021-10-03 16:40:00,8.42e-06,8.45e-06,8.37e-06,8.37e-06,83536326306.0,703045.1565024,1.0175638588318061
2021-10-03 16:45:00,8.37e-06,8.47e-06,8.37e-06,8.44e-06,87139907825.0,734002.60199326,1.7005023144685776
2021-10-03 16:50:00,8.43e-06,8.45e-06,8.42e-06,8.44e-06,60491448696.0,509987.3946221,1.6057646110010653
2021-10-03 16:55:00,8.44e-06,8.46e-06,8.39e-06,8.44e-06,79770281626.0,671891.89143386,1.536869474667751
2021-10-03 17:00:00,8.45e-06,8.46e-06,8.4e-06,8.42e-06,87658843472.0,739752.05583436,1.2671867313223413
2021-10-03 17:05:00,8.42e-06,8.44e-06,8.41e-06,8.41e-06,51132264614.0,430875.43080905,1.117462675279211
2021-10-03 17:10:00,8.41e-06,8.53e-06,8.41e-06,8.51e-06,132565698645.0,1123697.25059226,1.9915792954572498
2021-10-03 17:15:00,8.51e-06,8.64e-06,8.49e-06,8.64e-06,436169917256.0,3740559.56776369,2.7114029475441486
2021-10-03 17:20:00,8.64e-06,8.7e-06,8.6e-06,8.64e-06,376367033826.0,3259603.45550319,2.331862564919044
2021-10-03 17:25:00,8.65e-06,8.75e-06,8.63e-06,8.74e-06,280010462010.0,2433733.26009056,2.766756470246459
2021-10-03 17:30:00,8.74e-06,8.88e-06,8.71e-06,8.88e-06,619065599264.0,5448686.8487809,3.089664714503211
2021-10-03 17:35:00,8.88e-06,9.03e-06,8.85e-06,8.9e-06,841493946588.0,7539602.721325,2.590142485308987
2021-10-03 17:40:00,8.9e-06,8.9e-06,8.75e-06,8.79e-06,625128278399.0,5516680.03136587,1.6104471461202576
2021-10-03 17:45:00,8.79e-06,8.96e-06,8.71e-06,8.95e-06,430936855966.0,3794167.99640902,2.3529214289979286
2021-10-03 17:50:00,8.96e-06,9e-06,8.73e-06,8.78e-06,505947029338.0,4480478.51144923,1.1683357853994063
2021-10-03 17:55:00,8.77e-06,8.86e-06,8.75e-06,8.82e-06,240812112892.0,2119912.66313385,1.347925847574392
2021-10-03 18:00:00,8.81e-06,8.86e-06,8.79e-06,8.82e-06,185147395023.0,1632640.4976052,1.272835869006839
2021-10-03 18:05:00,8.81e-06,8.82e-06,8.68e-06,8.75e-06,248661908186.0,2172234.45083348,0.8041890779413177
2021-10-03 18:10:00,8.75e-06,8.78e-06,8.67e-06,8.69e-06,199150387997.0,1736403.88788563,0.4200219353159302
2021-10-03 18:15:00,8.68e-06,8.74e-06,8.61e-06,8.73e-06,303080561769.0,2628032.11810949,0.6296696003391274
2021-10-03 18:20:00,8.73e-06,8.84e-06,8.72e-06,8.84e-06,196262845889.0,1723166.87422489,1.2387597166297069
2021-10-03 18:25:00,8.83e-06,8.85e-06,8.77e-06,8.77e-06,144599801109.0,1273743.70532642,0.7989084807786894
2021-10-03 18:30:00,8.78e-06,8.83e-06,8.73e-06,8.79e-06,129220592541.0,1135331.49165918,0.8914793091706114
2021-10-03 18:35:00,8.79e-06,8.8e-06,8.74e-06,8.77e-06,95855687912.0,840643.72800605,0.7553487944328098
2021-10-03 18:40:00,8.77e-06,8.8e-06,8.75e-06,8.77e-06,75436136495.0,661620.97799246,0.7403520247851905
2021-10-03 18:45:00,8.77e-06,8.77e-06,8.7e-06,8.7e-06,99993222812.0,873535.26262906,0.32429719373745897
2021-10-03 18:50:00,8.7e-06,8.74e-06,8.66e-06,8.67e-06,93263788220.0,811448.89653413,0.11549968152793307
2021-10-03 18:55:00,8.67e-06,8.73e-06,8.64e-06,8.71e-06,120824622095.0,1049404.54384994,0.3345716554387636
2021-10-03 19:00:00,8.71e-06,8.76e-06,8.66e-06,8.68e-06,95041181167.0,828804.87996707,0.15191844576093552
2021-10-03 19:05:00,8.68e-06,8.74e-06,8.65e-06,8.73e-06,98523939312.0,857312.16662604,0.42817796594169233
2021-10-03 19:10:00,8.73e-06,8.74e-06,8.68e-06,8.7e-06,60263824339.0,524421.31058535,0.24462588911762012
2021-10-03 19:15:00,8.7e-06,8.71e-06,8.66e-06,8.66e-06,51527280697.0,447554.3616263,0.005762916103194754
2021-10-03 19:20:00,8.66e-06,8.68e-06,8.61e-06,8.62e-06,106885734086.0,923635.67872888,-0.22974420319613906
2021-10-03 19:25:00,8.63e-06,8.67e-06,8.56e-06,8.58e-06,151582626362.0,1306705.19555155,-0.4579615512580815
2021-10-03 19:30:00,8.58e-06,8.63e-06,8.54e-06,8.58e-06,199470563435.0,1711505.26725221,-0.4539744980171423
2021-10-03 19:35:00,8.59e-06,8.59e-06,8.55e-06,8.57e-06,86171347854.0,738403.33528712,-0.5222958958469018
2021-10-03 19:40:00,8.58e-06,8.65e-06,8.57e-06,8.6e-06,78935487056.0,679398.12695247,-0.36107683922068445
2021-10-03 19:45:00,8.61e-06,8.61e-06,8.55e-06,8.55e-06,54370830185.0,466678.49749408,-0.6520656859333982
2021-10-03 19:50:00,8.56e-06,8.56e-06,8.47e-06,8.49e-06,169823615779.0,1444961.28138131,-0.9751691160782179
2021-10-03 19:55:00,8.49e-06,8.54e-06,8.47e-06,8.51e-06,87750880777.0,746348.45820454,-0.8562095750343929
2021-10-03 20:00:00,8.51e-06,8.61e-06,8.5e-06,8.6e-06,112497522531.0,963267.23995259,-0.35356865249412733
2021-10-03 20:05:00,8.6e-06,8.63e-06,8.55e-06,8.63e-06,65641754682.0,563745.39098747,-0.19503254890410257
2021-10-03 20:10:00,8.63e-06,8.64e-06,8.56e-06,8.58e-06,77884853955.0,669645.07068697,-0.5736304115645972
2021-10-03 20:15:00,8.58e-06,8.59e-06,8.53e-06,8.56e-06,69114376060.0,591623.35073028,-0.760591489428399
2021-10-03 20:20:00,8.56e-06,8.57e-06,8.52e-06,8.55e-06,50757169271.0,433754.06510874,-0.8862317581920287
2021-10-03 20:25:00,8.56e-06,8.56e-06,8.48e-06,8.49e-06,46955638280.0,400143.35829227,-1.2762069780322047
2021-10-03 20:30:00,8.49e-06,8.53e-06,8.45e-06,8.45e-06,116591054339.0,989328.85614838,-1.5116209932028453
2021-10-03 20:35:00,8.45e-06,8.53e-06,8.45e-06,8.51e-06,70261443516.0,596724.28959758,-1.188592553984416
2021-10-03 20:40:00,8.52e-06,8.54e-06,8.47e-06,8.48e-06,67027089213.0,569837.60383587,-1.3422267093143176
2021-10-03 20:45:00,8.49e-06,8.53e-06,8.46e-06,8.53e-06,46199036257.0,392728.62694105,-1.0729430184591617
2021-10-03 20:50:00,8.52e-06,8.53e-06,8.47e-06,8.49e-06,35107467932.0,298246.37300731,-1.2836627628470167
2021-10-03 20:55:00,8.48e-06,8.51e-06,8.43e-06,8.44e-06,54162045786.0,458523.78300508,-1.5299376539321734
2021-10-03 21:00:00,8.43e-06,8.49e-06,8.43e-06,8.46e-06,64161548675.0,542524.33404058,-1.406109534477206
2021-10-03 21:05:00,8.46e-06,8.48e-06,8.35e-06,8.4e-06,142034340712.0,1194599.50179959,-1.6569116297967106
2021-10-03 21:10:00,8.39e-06,8.44e-06,8.35e-06,8.36e-06,69296090890.0,582519.45140009,-1.8164909061382883
2021-10-03 21:15:00,8.36e-06,8.41e-06,8.35e-06,8.37e-06,43184597748.0,362176.41971553,-1.760977739966602
2021-10-03 21:20:00,8.38e-06,8.39e-06,8.31e-06,8.31e-06,64232501353.0,536705.56487693,-2.0070415581009327
2021-10-03 21:25:00,8.31e-06,8.33e-06,8.25e-06,8.32e-06,112088307658.0,928827.49653405,-1.9077490848117455
2021-10-03 21:30:00,8.32e-06,8.34e-06,8.25e-06,8.27e-06,73419209320.0,609197.34357789,-2.052722835947851
2021-10-03 21:35:00,8.27e-06,8.29e-06,8.26e-06,8.27e-06,33509763732.0,277238.10364274,-1.9106356407391771
2021-10-03 21:40:00,8.28e-06,8.35e-06,8.24e-06,8.28e-06,65336206721.0,542285.79807309,-1.7509168758666396
2021-10-03 21:45:00,8.27e-06,8.3e-06,8.24e-06,8.28e-06,62021494583.0,512204.41428017,-1.6297052869520847
2021-10-03 21:50:00,8.28e-06,8.29e-06,8.23e-06,8.27e-06,52339385172.0,431970.44469699,-1.5603456778010183
2021-10-03 21:55:00,8.26e-06,8.31e-06,8.23e-06,8.3e-06,46026340447.0,380976.00908996,-1.3512623528949057
2021-10-03 22:00:00,8.3e-06,8.4e-06,8.29e-06,8.4e-06,78087548470.0,652838.95924373,-0.8495784773131917
2021-10-03 22:05:00,8.4e-06,8.44e-06,8.38e-06,8.43e-06,95427554571.0,802956.75158252,-0.659065548850335
2021-10-03 22:10:00,8.43e-06,8.44e-06,8.38e-06,8.4e-06,54651577374.0,459631.43590798,-0.7569394548017089
2021-10-03 22:15:00,8.41e-06,8.47e-06,8.39e-06,8.46e-06,56578152251.0,477425.93171717,-0.42921329050686413
2021-10-03 22:20:00,8.46e-06,8.5e-06,8.45e-06,8.49e-06,43907900926.0,372261.84624731,-0.23088503072493688
2021-10-03 22:25:00,8.49e-06,8.5e-06,8.46e-06,8.47e-06,46260029786.0,392143.70042685,-0.27957492070224366
2021-10-03 22:30:00,8.46e-06,8.48e-06,8.4e-06,8.43e-06,46825993466.0,394867.71985546,-0.4163753889768211
2021-10-03 22:35:00,8.42e-06,8.47e-06,8.41e-06,8.46e-06,34582057381.0,292098.23206994,-0.24929571184678756
2021-10-03 22:40:00,8.46e-06,8.5e-06,8.46e-06,8.48e-06,59722610467.0,506508.30430287,-0.13247312781322415
2021-10-03 22:45:00,8.48e-06,8.48e-06,8.4e-06,8.45e-06,56974517076.0,480951.67454839,-0.24159778937405307
2021-10-03 22:50:00,8.45e-06,8.47e-06,8.41e-06,8.43e-06,53689422156.0,452989.59268755,-0.30815684591554743
2021-10-03 22:55:00,8.43e-06,8.45e-06,8.43e-06,8.45e-06,20704143703.0,174739.1474184,-0.18239926261104705
2021-10-03 23:00:00,8.44e-06,8.45e-06,8.42e-06,8.43e-06,26073778633.0,220026.14332808,-0.24771268378584477
2021-10-03 23:05:00,8.43e-06,8.5e-06,8.43e-06,8.49e-06,28979134598.0,245177.07557699,0.05868036502617361
2021-10-03 23:10:00,8.49e-06,8.6e-06,8.48e-06,8.59e-06,101117150282.0,864090.70216551,0.5172150724627388
2021-10-03 23:15:00,8.59e-06,8.6e-06,8.52e-06,8.53e-06,82579914116.0,706684.26346135,0.2500970165987646
2021-10-03 23:20:00,8.53e-06,8.57e-06,8.5e-06,8.5e-06,54916108587.0,468951.97147701,0.13228413029437894
2021-10-03 23:25:00,8.5e-06,8.53e-06,8.47e-06,8.5e-06,51804121536.0,440548.1863664,0.15314756071027436
2021-10-03 23:30:00,8.51e-06,8.55e-06,8.5e-06,8.54e-06,36033634141.0,306991.54407185,0.36466433567370865
2021-10-03 23:35:00,8.54e-06,8.56e-06,8.53e-06,8.56e-06,29638430945.0,253351.46772211,0.46532745279273124
2021-10-03 23:40:00,8.56e-06,8.62e-06,8.55e-06,8.6e-06,59481418776.0,510982.11525087,0.6495517594249355
2021-10-03 23:45:00,8.61e-06,8.61e-06,8.53e-06,8.56e-06,61020943112.0,522890.56967679,0.46621774255685894
2021-10-03 23:50:00,8.57e-06,8.59e-06,8.54e-06,8.55e-06,50059023134.0,428668.77264994,0.4240685090269693
2021-10-03 23:55:00,8.54e-06,8.55e-06,8.51e-06,8.54e-06,44998258759.0,383989.03711691,0.3811794750025788
2021-10-04 00:00:00,8.55e-06,8.55e-06,8.54e-06,8.54e-06,3514598910.0,30033.49297297,0.4066760617365272
 