Date,Open,High,Low,Close,Volume,Quote_Volume,48-zscore
2021-10-02 19:35:00,0.10023000,0.10028000,0.10006000,0.10006,210420.70000000,21075.88234800,
2021-10-02 19:40:00,0.10008000,0.10011000,0.09991000,0.1001,592413.20000000,59243.82829400,
2021-10-02 19:45:00,0.10010000,0.10010000,0.09981000,0.09981,462334.70000000,46197.80056200,
2021-10-02 19:50:00,0.09984000,0.10012000,0.09976000,0.1001,2363067.20000000,235926.91085500,
2021-10-02 19:55:00,0.10004000,0.10027000,0.10003000,0.10024,294008.10000000,29446.74205900,
2021-10-02 20:00:00,0.10025000,0.10030000,0.10001000,0.10018,402999.70000000,40341.77803100,
2021-10-02 20:05:00,0.10018000,0.10021000,0.09992000,0.09995,287266.80000000,28746.09191400,
2021-10-02 20:10:00,0.09992000,0.09995000,0.09952000,0.0997,687406.20000000,68538.26660300,
2021-10-02 20:15:00,0.09969000,0.10017000,0.09969000,0.1,542405.10000000,54206.59016500,
2021-10-02 20:20:00,0.09999000,0.10023000,0.09946000,0.0995,533799.80000000,53383.74890400,
2021-10-02 20:25:00,0.09950000,0.09963000,0.09836000,0.09863,3252514.90000000,321524.01398800,
2021-10-02 20:30:00,0.09873000,0.09925000,0.09873000,0.09901,1509645.90000000,149417.79032300,
2021-10-02 20:35:00,0.09901000,0.09920000,0.09889000,0.09916,1440404.90000000,142718.61928500,
2021-10-02 20:40:00,0.09916000,0.09937000,0.09876000,0.09894,627699.90000000,62227.92347500,
2021-10-02 20:45:00,0.09890000,0.09919000,0.09890000,0.09895,424306.30000000,42036.10470700,
2021-10-02 20:50:00,0.09900000,0.09927000,0.09895000,0.09914,128217.30000000,12714.46600900,
2021-10-02 20:55:00,0.09909000,0.09917000,0.09889000,0.09894,329685.40000000,32647.66811200,
2021-10-02 21:00:00,0.09894000,0.09938000,0.09894000,0.09931,261297.40000000,25916.94321700,
2021-10-02 21:05:00,0.09931000,0.09951000,0.09921000,0.09945,435543.60000000,43290.16259200,
2021-10-02 21:10:00,0.09949000,0.09974000,0.09949000,0.09963,706342.40000000,70387.54628900,
2021-10-02 21:15:00,0.09963000,0.09965000,0.09945000,0.09956,472969.20000000,47090.85102300,
2021-10-02 21:20:00,0.09954000,0.09961000,0.09922000,0.09924,297434.60000000,29576.48902000,
2021-10-02 21:25:00,0.09926000,0.09931000,0.09913000,0.09922,106340.70000000,10548.10513000,
2021-10-02 21:30:00,0.09922000,0.09952000,0.09921000,0.09952,290215.40000000,28831.60921400,
2021-10-02 21:35:00,0.09953000,0.09954000,0.09925000,0.09938,682151.40000000,67826.01236500,
2021-10-02 21:40:00,0.09940000,0.09944000,0.09915000,0.09915,129494.60000000,12860.56631500,
2021-10-02 21:45:00,0.09916000,0.09959000,0.09910000,0.09951,363286.50000000,36111.53829500,
2021-10-02 21:50:00,0.09953000,0.09956000,0.09930000,0.09939,187534.90000000,18641.72515200,
2021-10-02 21:55:00,0.09940000,0.09964000,0.09940000,0.09953,140810.20000000,14018.50790700,
2021-10-02 22:00:00,0.09950000,0.09993000,0.09946000,0.09983,219374.00000000,21886.56933900,
2021-10-02 22:05:00,0.09990000,0.10000000,0.09926000,0.09961,574713.20000000,57205.14104200,
2021-10-02 22:10:00,0.09963000,0.09986000,0.09956000,0.09967,333344.80000000,33235.04942500,
2021-10-02 22:15:00,0.09971000,0.09989000,0.09953000,0.09966,452785.00000000,45165.01164500,
2021-10-02 22:20:00,0.09971000,0.09989000,0.09964000,0.09975,172904.60000000,17251.36791600,
2021-10-02 22:25:00,0.09975000,0.09977000,0.09960000,0.09971,142610.40000000,14215.94151900,
2021-10-02 22:30:00,0.09975000,0.09975000,0.09941000,0.09941,524014.80000000,52196.62068700,
2021-10-02 22:35:00,0.09944000,0.09961000,0.09939000,0.09949,230137.40000000,22899.13740100,
2021-10-02 22:40:00,0.09949000,0.09949000,0.09913000,0.09925,243844.70000000,24212.80006200,
2021-10-02 22:45:00,0.09920000,0.09961000,0.09918000,0.09946,310862.20000000,30902.32453500,
2021-10-02 22:50:00,0.09951000,0.09955000,0.09914000,0.0992,155468.30000000,15450.27249100,
2021-10-02 22:55:00,0.09915000,0.09917000,0.09863000,0.09885,610698.30000000,60400.23448000,
2021-10-02 23:00:00,0.09883000,0.09925000,0.09883000,0.09925,550027.10000000,54464.22113400,
2021-10-02 23:05:00,0.09924000,0.09931000,0.09914000,0.09922,157479.10000000,15627.70977100,
2021-10-02 23:10:00,0.09931000,0.09931000,0.09898000,0.09913,190710.40000000,18905.03596800,
2021-10-02 23:15:00,0.09911000,0.09931000,0.09904000,0.09918,211044.20000000,20935.00276400,
2021-10-02 23:20:00,0.09927000,0.09928000,0.09855000,0.09862,1077287.90000000,106420.69803600,
2021-10-02 23:25:00,0.09855000,0.09874000,0.09680000,0.09702,5606908.90000000,547166.41532200,
2021-10-02 23:30:00,0.09707000,0.09728000,0.09582000,0.09638,4472462.90000000,430217.18259800,
2021-10-02 23:35:00,0.09645000,0.09710000,0.09588000,0.09598,2194941.80000000,211988.55131500,
2021-10-02 23:40:00,0.09603000,0.09670000,0.09602000,0.09648,1643715.80000000,158555.62563800,
2021-10-02 23:45:00,0.09646000,0.09671000,0.09598000,0.09627,1353879.90000000,130412.58042200,
2021-10-02 23:50:00,0.09627000,0.09681000,0.09627000,0.09681,738689.90000000,71362.40680500,
2021-10-02 23:55:00,0.09679000,0.09684000,0.09640000,0.0964,870447.70000000,84091.13046900,
2021-10-03 00:00:00,0.09643000,0.09736000,0.09635000,0.09706,1427433.90000000,138235.38188500,
2021-10-03 00:05:00,0.09702000,0.09736000,0.09676000,0.09704,733078.80000000,71145.87173500,
2021-10-03 00:10:00,0.09704000,0.09704000,0.09670000,0.09686,409996.60000000,39698.69942700,
2021-10-03 00:15:00,0.09688000,0.09725000,0.09685000,0.09689,205448.40000000,19937.45513400,
2021-10-03 00:20:00,0.09697000,0.09747000,0.09693000,0.09728,484935.20000000,47132.75990400,
2021-10-03 00:25:00,0.09725000,0.09765000,0.09725000,0.09754,623518.40000000,60801.53305000,
2021-10-03 00:30:00,0.09754000,0.09760000,0.09701000,0.09713,637397.90000000,61966.83226600,
2021-10-03 00:35:00,0.09709000,0.09713000,0.09654000,0.09664,1355459.90000000,131242.72838400,
2021-10-03 00:40:00,0.09660000,0.09675000,0.09589000,0.09601,1351386.50000000,130135.36030300,
2021-10-03 00:45:00,0.09601000,0.09637000,0.09456000,0.09508,4476952.20000000,426401.47672200,
2021-10-03 00:50:00,0.09497000,0.09558000,0.09429000,0.09509,2115734.60000000,200856.30381000,
2021-10-03 00:55:00,0.09509000,0.09560000,0.09484000,0.09523,611701.10000000,58249.37445900,
2021-10-03 01:00:00,0.09516000,0.09615000,0.09509000,0.0959,988745.30000000,94777.66174000,
2021-10-03 01:05:00,0.09583000,0.09605000,0.09567000,0.09597,262639.80000000,25162.01476300,
2021-10-03 01:10:00,0.09600000,0.09604000,0.09529000,0.09538,451077.20000000,43138.26702300,
2021-10-03 01:15:00,0.09546000,0.09625000,0.09501000,0.09599,886977.00000000,84870.73763300,
2021-10-03 01:20:00,0.09600000,0.09614000,0.09528000,0.09536,554156.30000000,53034.12112100,
2021-10-03 01:25:00,0.09533000,0.09603000,0.09522000,0.09578,522174.60000000,49984.54500200,
2021-10-03 01:30:00,0.09562000,0.09585000,0.09537000,0.09543,538824.50000000,51531.24059400,
2021-10-03 01:35:00,0.09533000,0.09603000,0.09528000,0.09598,576171.00000000,55091.13872200,
2021-10-03 01:40:00,0.09592000,0.09652000,0.09589000,0.09636,867354.00000000,83508.36781200,
2021-10-03 01:45:00,0.09633000,0.09656000,0.09623000,0.09651,616810.30000000,59465.83318200,
2021-10-03 01:50:00,0.09651000,0.09673000,0.09638000,0.09649,458366.40000000,44270.54305000,
2021-10-03 01:55:00,0.09651000,0.09659000,0.09630000,0.0964,208811.80000000,20143.12878400,
2021-10-03 02:00:00,0.09633000,0.09676000,0.09619000,0.09657,474065.10000000,45732.35052000,
2021-10-03 02:05:00,0.09663000,0.09703000,0.09637000,0.09698,615938.90000000,59555.56366400,
2021-10-03 02:10:00,0.09698000,0.09718000,0.09669000,0.09707,1115075.50000000,108133.81352500,
2021-10-03 02:15:00,0.09705000,0.09727000,0.09689000,0.09704,551296.80000000,53533.92104800,
2021-10-03 02:20:00,0.09706000,0.09733000,0.09701000,0.09725,323478.00000000,31425.48592400,
2021-10-03 02:25:00,0.09718000,0.09774000,0.09718000,0.09757,880206.70000000,85827.73391100,
2021-10-03 02:30:00,0.09752000,0.09763000,0.09710000,0.09739,705309.30000000,68654.91376200,
2021-10-03 02:35:00,0.09739000,0.09759000,0.09732000,0.09739,404920.40000000,39458.28260800,
2021-10-03 02:40:00,0.09738000,0.09750000,0.09724000,0.0974,369434.20000000,35968.14819800,
2021-10-03 02:45:00,0.09741000,0.09745000,0.09701000,0.09709,336455.80000000,32697.15455600,
2021-10-03 02:50:00,0.09711000,0.09741000,0.09681000,0.09736,333667.90000000,32392.39337800,
2021-10-03 02:55:00,0.09737000,0.09742000,0.09691000,0.09695,229853.40000000,22325.39198600,
2021-10-03 03:00:00,0.09696000,0.09703000,0.09672000,0.09696,187791.90000000,18195.96830000,
2021-10-03 03:05:00,0.09693000,0.09696000,0.09659000,0.09668,328298.70000000,31767.03880700,
2021-10-03 03:10:00,0.09666000,0.09718000,0.09666000,0.09691,303619.10000000,29456.80487700,
2021-10-03 03:15:00,0.09690000,0.09754000,0.09679000,0.09741,433922.50000000,42217.93314900,
2021-10-03 03:20:00,0.09741000,0.09746000,0.09694000,0.09719,605428.50000000,58830.73711800,
2021-10-03 03:25:00,0.09718000,0.09726000,0.09711000,0.0972,204931.20000000,19915.06975600,0.7916673657535651
2021-10-03 03:30:00,0.09720000,0.09754000,0.09720000,0.09754,417338.70000000,40627.07188600,1.1213283711200632
2021-10-03 03:35:00,0.09755000,0.09766000,0.09743000,0.09753,307429.50000000,29986.75961000,1.1292252782686985
2021-10-03 03:40:00,0.09755000,0.09812000,0.09755000,0.09812,833449.60000000,81585.63842200,1.663345192519047
2021-10-03 03:45:00,0.09809000,0.09812000,0.09767000,0.09812,1297332.90000000,127041.14506000,1.6119780048165357
2021-10-03 03:50:00,0.09810000,0.09853000,0.09799000,0.09813,870631.80000000,85528.31616700,1.5711874188385002
2021-10-03 03:55:00,0.09815000,0.09868000,0.09811000,0.09853,378660.80000000,37299.01709400,1.90414591757743
2021-10-03 04:00:00,0.09855000,0.09857000,0.09800000,0.09811,519348.60000000,50990.43392000,1.4820077844677528
2021-10-03 04:05:00,0.09811000,0.09831000,0.09793000,0.09831,683636.90000000,67083.83491800,1.6106027354484236
2021-10-03 04:10:00,0.09831000,0.09941000,0.09822000,0.09917,2790232.10000000,276278.80685900,2.1214872083179257
2021-10-03 04:15:00,0.09921000,0.09935000,0.09867000,0.0991,1369485.50000000,135672.85745800,1.9199091579824983
2021-10-03 04:20:00,0.09908000,0.09935000,0.09897000,0.09908,556436.20000000,55177.88952100,1.8171159740475826
2021-10-03 04:25:00,0.09905000,0.09967000,0.09892000,0.09965,912435.50000000,90728.20878900,2.129276123569511
2021-10-03 04:30:00,0.09965000,0.09966000,0.09895000,0.09908,1304503.70000000,129504.97763000,1.5884098430783504
2021-10-03 04:35:00,0.09908000,0.09953000,0.09890000,0.09953,782877.10000000,77646.73985100,1.8231065513890656
2021-10-03 04:40:00,0.09944000,0.09978000,0.09931000,0.09978,441914.90000000,43944.41041500,1.9022681807855395
2021-10-03 04:45:00,0.09975000,0.10016000,0.09962000,0.1001,1488631.20000000,148710.87050400,1.8160937079433281
2021-10-03 04:50:00,0.10011000,0.10015000,0.09984000,0.09988,938958.70000000,93907.54046400,1.4913967359473197
2021-10-03 04:55:00,0.09985000,0.10012000,0.09982000,0.09992,788636.40000000,78838.09853800,1.4410014681588237
2021-10-03 05:00:00,0.09990000,0.10011000,0.09962000,0.10009,658969.90000000,65771.59475100,1.4606704664300687
2021-10-03 05:05:00,0.10010000,0.10057000,0.09991000,0.10054,1470018.10000000,147325.22183800,1.642606694000541
2021-10-03 05:10:00,0.10057000,0.10100000,0.10032000,0.1009,2012456.10000000,202646.61863700,1.7164667137513376
2021-10-03 05:15:00,0.10084000,0.10091000,0.10044000,0.1005,726998.60000000,73146.29924500,1.3583235036704504
2021-10-03 05:20:00,0.10051000,0.10099000,0.10050000,0.10087,1111614.70000000,112147.33281100,1.4954897303414494
2021-10-03 05:25:00,0.10088000,0.10105000,0.10085000,0.101,878953.70000000,88723.64077300,1.4848288083793666
2021-10-03 05:30:00,0.10101000,0.10176000,0.10101000,0.10176,1893702.30000000,192079.34468500,1.7843892456935575
2021-10-03 05:35:00,0.10175000,0.10179000,0.10155000,0.10173,607487.40000000,61758.19470100,1.6623791090516582
2021-10-03 05:40:00,0.10173000,0.10175000,0.10114000,0.10132,805694.80000000,81734.03572400,1.3248565969071597
2021-10-03 05:45:00,0.10129000,0.10175000,0.10122000,0.10164,732533.50000000,74390.74137900,1.4262065100542447
2021-10-03 05:50:00,0.10164000,0.10180000,0.10157000,0.10166,383948.40000000,39053.01422900,1.3755869574685697
2021-10-03 05:55:00,0.10166000,0.10190000,0.10129000,0.10175,1326861.10000000,134847.09020700,1.341673083956706
2021-10-03 06:00:00,0.10179000,0.10179000,0.10068000,0.10089,778556.60000000,78733.03103700,0.8237271933291751
2021-10-03 06:05:00,0.10088000,0.10099000,0.10046000,0.10088,1008604.30000000,101626.22282400,0.7710674578500181
2021-10-03 06:10:00,0.10088000,0.10102000,0.10082000,0.10093,986952.90000000,99605.15227800,0.7359925484829055
2021-10-03 06:15:00,0.10092000,0.10098000,0.10054000,0.10088,851698.20000000,85842.07143000,0.6708246056373554
2021-10-03 06:20:00,0.10087000,0.10110000,0.10073000,0.10093,572600.10000000,57770.14379300,0.6745776723229119
2021-10-03 06:25:00,0.10091000,0.10109000,0.10091000,0.10097,567222.70000000,57294.94105500,0.6589286052082293
2021-10-03 06:30:00,0.10091000,0.10110000,0.10081000,0.1011,259860.80000000,26230.27155900,0.6983605831207955
2021-10-03 06:35:00,0.10115000,0.10150000,0.10099000,0.10148,640196.60000000,64809.08727900,0.8685310258074637
2021-10-03 06:40:00,0.10148000,0.10151000,0.10125000,0.10131,464397.50000000,47081.19407000,0.7530358770587731
2021-10-03 06:45:00,0.10131000,0.10149000,0.10103000,0.10116,1031247.00000000,104411.19944600,0.6405700015973863
2021-10-03 06:50:00,0.10114000,0.10144000,0.10106000,0.10133,354769.20000000,35902.42021200,0.7100424611903271
2021-10-03 06:55:00,0.10133000,0.10137000,0.10103000,0.10119,470546.30000000,47587.22921500,0.617054885809745
2021-10-03 07:00:00,0.10119000,0.10119000,0.10084000,0.10088,245013.50000000,24726.25139800,0.4428014578780883
2021-10-03 07:05:00,0.10085000,0.10085000,0.10051000,0.10052,885929.50000000,89181.23036000,0.23332686869196692
2021-10-03 07:10:00,0.10051000,0.10060000,0.10015000,0.10046,439112.30000000,44079.66077100,0.18704018085990395
2021-10-03 07:15:00,0.10048000,0.10089000,0.10041000,0.10083,510885.20000000,51427.34300900,0.3618771582475369
2021-10-03 07:20:00,0.10083000,0.10093000,0.10026000,0.10058,974437.50000000,98086.95730300,0.20182466748038477
2021-10-03 07:25:00,0.10058000,0.10058000,0.10001000,0.10007,365641.80000000,36665.52200900,-0.07452148578901015
2021-10-03 07:30:00,0.10007000,0.10059000,0.10007000,0.10052,293814.00000000,29476.34968800,0.1481257161590395
2021-10-03 07:35:00,0.10050000,0.10059000,0.10004000,0.1003,636954.50000000,63812.70547300,0.020205277819831217
2021-10-03 07:40:00,0.10035000,0.10050000,0.10020000,0.10037,364786.50000000,36606.34002800,0.03375663713118615
2021-10-03 07:45:00,0.10041000,0.10096000,0.10040000,0.10088,444715.70000000,44803.43048600,0.2679200430393364
2021-10-03 07:50:00,0.10085000,0.10099000,0.10068000,0.10068,649473.10000000,65483.00517900,0.1310086419820551
2021-10-03 07:55:00,0.10072000,0.10098000,0.10059000,0.10075,814586.10000000,82123.84222400,0.15780369420395962
2021-10-03 08:00:00,0.10074000,0.10133000,0.10067000,0.10125,694921.00000000,70135.02564600,0.4123979883812277
2021-10-03 08:05:00,0.10125000,0.10176000,0.10118000,0.10151,1387109.30000000,140782.47479400,0.5213184118541485
2021-10-03 08:10:00,0.10151000,0.10199000,0.10151000,0.10199,1355829.10000000,137960.99430700,0.7169867240592203
2021-10-03 08:15:00,0.10198000,0.10278000,0.10187000,0.10277,3403934.80000000,348213.14430300,1.0404394639755128
2021-10-03 08:20:00,0.10272000,0.10288000,0.10191000,0.10273,1831137.80000000,187773.64437600,0.9667263618144353
2021-10-03 08:25:00,0.10267000,0.10314000,0.10249000,0.103,1841301.50000000,189384.98080700,1.0730809189254875
2021-10-03 08:30:00,0.10296000,0.10313000,0.10261000,0.1027,795795.10000000,81899.00011000,0.8510406598683388
2021-10-03 08:35:00,0.10270000,0.10273000,0.10235000,0.10242,997075.20000000,102269.97030200,0.6635920727927119
2021-10-03 08:40:00,0.10245000,0.10245000,0.10176000,0.10196,885609.30000000,90324.64298900,0.37997217093181523
2021-10-03 08:45:00,0.10192000,0.10270000,0.10189000,0.10236,773284.20000000,79101.27763900,0.6018783913304602
2021-10-03 08:50:00,0.10236000,0.10244000,0.10211000,0.10237,368216.60000000,37654.91289700,0.5903959186377918
2021-10-03 08:55:00,0.10237000,0.10241000,0.10167000,0.10168,802308.40000000,81848.03927700,0.13069043265473548
2021-10-03 09:00:00,0.10167000,0.10171000,0.10036000,0.10052,1539963.60000000,155494.91579700,-0.6255541640650062
2021-10-03 09:05:00,0.10050000,0.10081000,0.10003000,0.10044,1265159.80000000,126973.01212000,-0.6948617836384253
2021-10-03 09:10:00,0.10045000,0.10045000,0.09925000,0.09953,2081280.70000000,207623.89292000,-1.28452408930501
2021-10-03 09:15:00,0.09953000,0.10020000,0.09953000,0.09977,1374712.60000000,137277.42376900,-1.104550622075397
2021-10-03 09:20:00,0.09970000,0.10020000,0.09965000,0.1002,593723.70000000,59322.15591200,-0.8211821227688159
2021-10-03 09:25:00,0.10009000,0.10021000,0.09971000,0.10009,346141.10000000,34616.40335800,-0.9158645432714038
2021-10-03 09:30:00,0.10010000,0.10065000,0.10007000,0.10059,480416.20000000,48249.17688600,-0.5594843170106558
2021-10-03 09:35:00,0.10050000,0.10065000,0.09995000,0.10004,917003.20000000,91869.72133400,-0.9856777718541601
2021-10-03 09:40:00,0.09999000,0.10006000,0.09945000,0.09972,497852.10000000,49657.30339500,-1.242861521820571
2021-10-03 09:45:00,0.09970000,0.10003000,0.09950000,0.10001,653718.90000000,65197.16690100,-1.0220224841434065
2021-10-03 09:50:00,0.10002000,0.10064000,0.09997000,0.10036,752794.60000000,75511.71461600,-0.7452195215288079
2021-10-03 09:55:00,0.10027000,0.10027000,0.09986000,0.10017,632441.10000000,63277.44976000,-0.9137671374952621
2021-10-03 10:00:00,0.10020000,0.10033000,0.09983000,0.09994,486179.80000000,48669.81987600,-1.116606008592855
2021-10-03 10:05:00,0.10002000,0.10021000,0.09983000,0.10003,509253.00000000,50934.69490800,-1.0356817493395278
2021-10-03 10:10:00,0.10003000,0.10032000,0.09998000,0.10027,507265.30000000,50809.06775700,-0.8219754835279968
2021-10-03 10:15:00,0.10027000,0.10055000,0.10019000,0.10055,421529.10000000,42322.80470900,-0.5732796891418528
2021-10-03 10:20:00,0.10050000,0.10055000,0.10036000,0.10042,252549.40000000,25374.98318900,-0.6973587868528417
2021-10-03 10:25:00,0.10041000,0.10053000,0.10031000,0.10053,268389.10000000,26957.67502600,-0.6001107371985286
2021-10-03 10:30:00,0.10053000,0.10059000,0.09988000,0.0999,570269.30000000,57147.40771300,-1.172650422629478
2021-10-03 10:35:00,0.09995000,0.10013000,0.09969000,0.09998,685545.50000000,68527.82963400,-1.0867711870379697
2021-10-03 10:40:00,0.09991000,0.10048000,0.09979000,0.10022,953134.10000000,95450.39973300,-0.8465757407909229
2021-10-03 10:45:00,0.10021000,0.10039000,0.10007000,0.1002,396168.90000000,39715.05693000,-0.8609252255770987
2021-10-03 10:50:00,0.10010000,0.10013000,0.09940000,0.09943,773758.40000000,77242.25319000,-1.55635812420681
2021-10-03 10:55:00,0.09944000,0.09976000,0.09922000,0.09976,1087345.50000000,108183.47977300,-1.2031403936899723
2021-10-03 11:00:00,0.09975000,0.10035000,0.09953000,0.10035,720114.60000000,71877.74120800,-0.6315065456075535
2021-10-03 11:05:00,0.10030000,0.10047000,0.10000000,0.10047,470683.60000000,47192.24593400,-0.520598654537804
2021-10-03 11:10:00,0.10047000,0.10060000,0.10006000,0.10043,382188.20000000,38356.91677100,-0.5581438193785592
2021-10-03 11:15:00,0.10043000,0.10069000,0.10033000,0.10052,430412.00000000,43247.04140100,-0.47053457447120006
2021-10-03 11:20:00,0.10049000,0.10100000,0.10034000,0.10091,576831.50000000,58054.05476900,-0.10689403932535638
2021-10-03 11:25:00,0.10099000,0.10125000,0.10054000,0.101,999640.40000000,100911.63811700,-0.028618411353336776
2021-10-03 11:30:00,0.10100000,0.10117000,0.10074000,0.1009,641880.50000000,64810.60013300,-0.1259397380197799
2021-10-03 11:35:00,0.10090000,0.10096000,0.10055000,0.10062,164240.90000000,16546.64161300,-0.4028706125452177
2021-10-03 11:40:00,0.10056000,0.10122000,0.10053000,0.10103,407063.00000000,41087.90580100,-0.016804687840611822
2021-10-03 11:45:00,0.10109000,0.10143000,0.10088000,0.10088,2128107.10000000,215200.77682500,-0.15399473043429132
2021-10-03 11:50:00,0.10087000,0.10104000,0.10076000,0.10085,661949.50000000,66760.84250000,-0.18524949184031725
2021-10-03 11:55:00,0.10087000,0.10105000,0.10079000,0.10093,179983.80000000,18163.95151600,-0.11380583763281042
2021-10-03 12:00:00,0.10092000,0.10096000,0.10064000,0.10085,390505.40000000,39364.01187100,-0.18627172843139578
2021-10-03 12:05:00,0.10088000,0.10099000,0.10083000,0.10089,215032.80000000,21704.26894000,-0.13222827781483457
2021-10-03 12:10:00,0.10091000,0.10128000,0.10088000,0.10116,704149.50000000,71127.98987500,0.16285645333599222
2021-10-03 12:15:00,0.10118000,0.10125000,0.10090000,0.10114,1002872.80000000,101352.87103700,0.31323705521620365
2021-10-03 12:20:00,0.10105000,0.10125000,0.10012000,0.10026,828844.60000000,83441.42298200,-0.48472051823573514
2021-10-03 12:25:00,0.10023000,0.10080000,0.10022000,0.10049,1026495.80000000,103216.32553600,-0.11302187951769008
2021-10-03 12:30:00,0.10050000,0.10103000,0.10050000,0.10103,351519.40000000,35428.30300800,0.5387519026416777
2021-10-03 12:35:00,0.10103000,0.10113000,0.10081000,0.10095,737017.10000000,74431.93582700,0.50787378447385
2021-10-03 12:40:00,0.10092000,0.10112000,0.10080000,0.10093,234717.60000000,23701.21822300,0.5269915838103892
2021-10-03 12:45:00,0.10093000,0.10115000,0.10074000,0.10097,478569.20000000,48299.50149300,0.6199218974696161
2021-10-03 12:50:00,0.10107000,0.10130000,0.10086000,0.10111,665400.10000000,67255.65471700,0.7936678236767194
2021-10-03 12:55:00,0.10107000,0.10114000,0.10082000,0.10084,385198.00000000,38930.66143800,0.5110437076142987
2021-10-03 13:00:00,0.10078000,0.10117000,0.10075000,0.10091,872336.30000000,88078.76749800,0.5875753822027021
2021-10-03 13:05:00,0.10089000,0.10089000,0.10029000,0.1003,472307.20000000,47513.85953100,-0.11874935841911818
2021-10-03 13:10:00,0.10033000,0.10052000,0.10032000,0.10043,429166.90000000,43098.15248900,-0.040011812690101886
2021-10-03 13:15:00,0.10045000,0.10079000,0.10037000,0.10066,234335.90000000,23569.98150300,0.21114627347097012
2021-10-03 13:20:00,0.10065000,0.10099000,0.10056000,0.10073,399462.40000000,40239.65117700,0.2963950610396302
2021-10-03 13:25:00,0.10069000,0.10084000,0.10064000,0.10079,180509.00000000,18185.18731600,0.3775764574452304
2021-10-03 13:30:00,0.10079000,0.10079000,0.10060000,0.1007,259347.50000000,26111.09373600,0.25667157277889324
2021-10-03 13:35:00,0.10070000,0.10122000,0.10065000,0.1011,557663.90000000,56265.15870200,0.7906038203065826
2021-10-03 13:40:00,0.10113000,0.10123000,0.10096000,0.10119,431667.70000000,43632.12746300,0.9227112128125995
2021-10-03 13:45:00,0.10120000,0.10134000,0.10110000,0.10125,312246.60000000,31604.98870000,1.00569714224817
2021-10-03 13:50:00,0.10130000,0.10165000,0.10125000,0.10152,859338.30000000,87205.46184000,1.360146796923393
2021-10-03 13:55:00,0.10153000,0.10191000,0.10153000,0.10178,510912.90000000,51992.17729400,1.6971102728824863
2021-10-03 14:00:00,0.10182000,0.10186000,0.10115000,0.10125,716604.90000000,72742.92876800,0.8809098760503009
2021-10-03 14:05:00,0.10123000,0.10127000,0.10100000,0.10113,813387.40000000,82228.91891900,0.6750490692239888
2021-10-03 14:10:00,0.10116000,0.10118000,0.10100000,0.10102,1132305.10000000,114428.74337200,0.4757411545622298
2021-10-03 14:15:00,0.10109000,0.10127000,0.10046000,0.10073,1341351.40000000,135300.74339400,-0.002770149542098656
2021-10-03 14:20:00,0.10073000,0.10086000,0.10041000,0.10062,1436853.00000000,144493.88612900,-0.18312324889667475
2021-10-03 14:25:00,0.10062000,0.10067000,0.10051000,0.10067,347134.30000000,34920.09506400,-0.10216479503129763
2021-10-03 14:30:00,0.10067000,0.10080000,0.10042000,0.10053,702074.20000000,70662.21089900,-0.37648421588265457
2021-10-03 14:35:00,0.10054000,0.10064000,0.10037000,0.10054,270498.10000000,27186.28380200,-0.40360435644873716
2021-10-03 14:40:00,0.10054000,0.10070000,0.10047000,0.1007,360272.70000000,36239.23754200,-0.13998203570689965
2021-10-03 14:45:00,0.10070000,0.10120000,0.10069000,0.10104,581290.80000000,58695.33478500,0.5027338167996069
2021-10-03 14:50:00,0.10104000,0.10104000,0.10039000,0.1006,593657.90000000,59765.50369300,-0.4839949043601805
2021-10-03 14:55:00,0.10056000,0.10094000,0.10042000,0.10083,397040.20000000,39945.02477300,-0.06612406027594177
2021-10-03 15:00:00,0.10087000,0.10094000,0.10025000,0.10036,1107016.30000000,111117.26589700,-1.2106024641511641
2021-10-03 15:05:00,0.10033000,0.10048000,0.10025000,0.1004,446969.90000000,44861.53950100,-1.1167821075168591
2021-10-03 15:10:00,0.10039000,0.10042000,0.10023000,0.1004,300649.10000000,30158.81937800,-1.1290665846769308
2021-10-03 15:15:00,0.10039000,0.10059000,0.10031000,0.10058,442490.20000000,44454.82831000,-0.6879354514745635
2021-10-03 15:20:00,0.10053000,0.10053000,0.10016000,0.1002,522220.90000000,52407.92775300,-1.5765295945857638
2021-10-03 15:25:00,0.10018000,0.10018000,0.09961000,0.09988,949860.10000000,94937.63375300,-2.1619943163550808
2021-10-03 15:30:00,0.09990000,0.10021000,0.09980000,0.09993,412223.30000000,41236.63081000,-1.9326823442791907
2021-10-03 15:35:00,0.09998000,0.10014000,0.09985000,0.09985,271145.70000000,27103.62664100,-2.02316690551973
2021-10-03 15:40:00,0.09986000,0.09989000,0.09938000,0.09945,631698.50000000,62882.58738100,-2.614774978169267
2021-10-03 15:45:00,0.09944000,0.09985000,0.09944000,0.09961,625518.60000000,62354.98551000,-2.116507510741421
2021-10-03 15:50:00,0.09964000,0.09982000,0.09950000,0.09972,801650.10000000,79933.02761800,-1.784572439682197
2021-10-03 15:55:00,0.09972000,0.09996000,0.09962000,0.09991,463592.30000000,46249.36973400,-1.3775862366576557
2021-10-03 16:00:00,0.09996000,0.10041000,0.09950000,0.09986,1329358.70000000,132781.92386700,-1.3713560292027103
2021-10-03 16:05:00,0.09987000,0.09988000,0.09938000,0.09941,2597078.50000000,258752.90875900,-1.9171296319979119
2021-10-03 16:10:00,0.09944000,0.09968000,0.09912000,0.09948,1213168.60000000,120557.35466900,-1.6566204263703312
2021-10-03 16:15:00,0.09945000,0.09993000,0.09943000,0.09988,357097.70000000,35644.28059900,-0.9350435485219017
2021-10-03 16:20:00,0.09989000,0.10007000,0.09978000,0.10003,457295.30000000,45711.47335000,-0.6847997750393846
2021-10-03 16:25:00,0.10001000,0.10014000,0.09988000,0.10006,411886.90000000,41194.16185000,-0.6212901973935955
2021-10-03 16:30:00,0.10005,0.10026,0.0999,0.09994,359574.6,35997.562652,-0.7989704900043593
2021-10-03 16:35:00,0.09989,0.10012,0.09981,0.10001,278499.0,27847.319803,-0.6559772732426675
2021-10-03 16:40:00,0.09999,0.10029,0.09993,0.10007,507522.2,50814.224271,-0.5420499646720885
2021-10-03 16:45:00,0.10005,0.10027,0.09987,0.10016,964591.6,96499.109337,-0.3676950883253815
2021-10-03 16:50:00,0.10014,0.10022,0.1,0.10013,510875.9,51149.432708,-0.38914563625962806
2021-10-03 16:55:00,0.10009,0.10016,0.09979,0.10003,469631.1,46973.445896,-0.5415595386390794
2021-10-03 17:00:00,0.10002,0.10007,0.09968,0.09974,453045.7,45274.463476,-0.9894255019710688
2021-10-03 17:05:00,0.09972,0.10004,0.09972,0.10003,332354.6,33194.95897,-0.49123461326601003
2021-10-03 17:10:00,0.10003,0.10038,0.10002,0.10038,280075.0,28050.694064,0.10322075864548211
2021-10-03 17:15:00,0.10035,0.10035,0.09995,0.10012,432494.8,43327.538382,-0.32763332262947736
2021-10-03 17:20:00,0.10006,0.10025,0.10003,0.10011,294158.6,29447.939181,-0.33192157833729047
2021-10-03 17:25:00,0.1001,0.10011,0.09967,0.09976,266656.0,26651.597249,-0.9057746030721168
2021-10-03 17:30:00,0.09976,0.09976,0.09925,0.09969,484449.6,48200.736873,-0.9921368361248143
2021-10-03 17:35:00,0.09971,0.09972,0.09934,0.09934,255532.8,25429.903983,-1.5136047381632662
2021-10-03 17:40:00,0.09937,0.09957,0.09934,0.09945,183920.9,18288.157902,-1.293983896188988
2021-10-03 17:45:00,0.09948,0.10045,0.09948,0.10044,474664.0,47393.518087,0.33620980830549924
2021-10-03 17:50:00,0.10045,0.10141,0.10037,0.10073,2607450.8,263290.879318,0.8180391112362272
2021-10-03 17:55:00,0.10067,0.101,0.10047,0.101,645529.6,65001.22105,1.3123954861628822
2021-10-03 18:00:00,0.10099,0.10166,0.10083,0.10159,1194701.5,121010.188086,2.1800680043331147
2021-10-03 18:05:00,0.1016,0.1016,0.10092,0.10117,1012148.0,102478.070189,1.4549653533850402
2021-10-03 18:10:00,0.10125,0.10144,0.10071,0.1009,1050488.9,106230.650791,1.020453447879181
2021-10-03 18:15:00,0.10085,0.10093,0.1003,0.10071,1093074.1,109989.522964,0.7199674538044347
2021-10-03 18:20:00,0.10073,0.10113,0.10069,0.10108,347847.3,35083.029106,1.2967758372815783
2021-10-03 18:25:00,0.10104,0.1012,0.10094,0.10113,342829.4,34650.652613,1.3412499610371065
2021-10-03 18:30:00,0.10113,0.10115,0.10093,0.10093,209750.0,21189.93588,1.0272203852652857
2021-10-03 18:35:00,0.10097,0.10114,0.10091,0.10097,379936.7,38367.61698,1.0665862644073827
2021-10-03 18:40:00,0.10102,0.10119,0.10099,0.10113,584296.0,59045.916444,1.2679432785201705
2021-10-03 18:45:00,0.1011,0.1011,0.10079,0.10081,574741.8,58008.425644,0.7984479542664363
2021-10-03 18:50:00,0.1008,0.10106,0.10061,0.10081,447733.7,45147.16994,0.7919115066657774
2021-10-03 18:55:00,0.10082,0.10087,0.1007,0.10073,224940.5,22671.384008,0.6776413405699235
2021-10-03 19:00:00,0.10078,0.10094,0.1007,0.10091,468966.5,47295.959474,0.9260404892416522
2021-10-03 19:05:00,0.10089,0.10119,0.10084,0.10117,922864.4,93273.704134,1.2501802630247707
2021-10-03 19:10:00,0.1012,0.10146,0.1011,0.10131,1579692.3,159923.168138,1.3585583481746228
2021-10-03 19:15:00,0.10129,0.10153,0.1012,0.10122,700000.5,70932.861743,1.1932507291222452
2021-10-03 19:20:00,0.10122,0.10142,0.1012,0.10136,284148.2,28794.741922,1.3561820846032633
2021-10-03 19:25:00,0.10135,0.10142,0.10117,0.10129,328064.5,33241.063491,1.2274375218306168
2021-10-03 19:30:00,0.10126,0.10138,0.1011,0.1012,432757.7,43823.009499,1.0824268257616962
2021-10-03 19:35:00,0.10116,0.10116,0.10093,0.10103,463197.6,46793.197249,0.8373274491205
2021-10-03 19:40:00,0.101,0.10115,0.10089,0.10089,676373.8,68309.048532,0.6202860376700657
2021-10-03 19:45:00,0.10089,0.10109,0.10078,0.10084,311777.2,31464.668916,0.5309941887842419
2021-10-03 19:50:00,0.1008,0.10098,0.10054,0.10062,365332.4,36819.585802,0.17960269671905285
2021-10-03 19:55:00,0.10058,0.1009,0.10055,0.10077,398212.5,40118.096086,0.3907116519375721
2021-10-03 20:00:00,0.1008,0.10102,0.1007,0.10102,355250.9,35818.681336,0.7230814598054469
2021-10-03 20:05:00,0.10102,0.10102,0.10078,0.10079,225621.5,22759.589556,0.207305082299152
2021-10-03 20:10:00,0.1008,0.10086,0.10055,0.10059,591815.5,59591.217885,-0.19647710239153643
2021-10-03 20:15:00,0.10064,0.10077,0.10038,0.10065,743137.8,74677.940236,-0.1152457590176389
2021-10-03 20:20:00,0.10064,0.10064,0.10033,0.10051,409665.7,41169.936598,-0.3594992480455219
2021-10-03 20:25:00,0.1005,0.10058,0.10028,0.10038,380464.6,38220.330305,-0.5819093886803143
2021-10-03 20:30:00,0.10041,0.10048,0.0997,0.09976,1417640.2,141917.188861,-1.5089870905214102
2021-10-03 20:35:00,0.09982,0.10015,0.09982,0.10001,539337.3,53919.354242,-1.086397432896806
2021-10-03 20:40:00,0.10001,0.10011,0.0999,0.09993,525009.6,52492.571103,-1.194927685539974
2021-10-03 20:45:00,0.09993,0.10006,0.09971,0.09978,680974.6,68033.64452,-1.3983017860235762
2021-10-03 20:50:00,0.09974,0.09977,0.09942,0.09964,886344.4,88285.675645,-1.5426256367116542
2021-10-03 20:55:00,0.09963,0.09978,0.09918,0.09925,1207895.3,120111.077649,-1.9786780143835083
2021-10-03 21:00:00,0.0993,0.09958,0.0988,0.0988,1632856.7,161889.29675,-2.375529963498029
2021-10-03 21:05:00,0.09881,0.0989,0.09784,0.0986,2391593.2,235473.040832,-2.3229440587708816
2021-10-03 21:10:00,0.0986,0.09894,0.09828,0.09845,886218.0,87300.624098,-2.3100105546033074
2021-10-03 21:15:00,0.09844,0.09882,0.0984,0.09861,642367.1,63307.276324,-1.9901938192880746
2021-10-03 21:20:00,0.0986,0.09868,0.09817,0.09817,731892.8,72079.316689,-2.314248404120238
2021-10-03 21:25:00,0.09824,0.09857,0.09805,0.09857,479022.4,47115.378027,-1.7930015335390452
2021-10-03 21:30:00,0.09851,0.09865,0.09831,0.09835,462993.6,45597.103501,-1.9377653111037838
2021-10-03 21:35:00,0.09835,0.09841,0.09819,0.09827,252299.8,24798.064001,-1.949596189002301
2021-10-03 21:40:00,0.09828,0.09871,0.09767,0.09785,1617781.2,158618.857447,-2.166314899143858
2021-10-03 21:45:00,0.09779,0.09801,0.09739,0.09793,720663.5,70368.984703,-1.9602048548807018
2021-10-03 21:50:00,0.09791,0.09795,0.09752,0.0979,431139.3,42147.046843,-1.8483286029488297
2021-10-03 21:55:00,0.09785,0.09805,0.09769,0.09788,517973.4,50696.371565,-1.767638996908058
2021-10-03 22:00:00,0.09784,0.09852,0.09771,0.09842,768366.4,75484.23242,-1.2165175512532929
2021-10-03 22:05:00,0.09844,0.09869,0.09835,0.09842,489778.2,48242.379375,-1.1528407661001794
2021-10-03 22:10:00,0.0984,0.09851,0.0982,0.09847,321495.5,31623.658981,-1.0572379976818638
2021-10-03 22:15:00,0.09845,0.09869,0.09824,0.09869,536582.5,52876.126022,-0.8213369615140347
2021-10-03 22:20:00,0.09864,0.09879,0.09855,0.09862,256403.2,25291.812374,-0.857315126198568
2021-10-03 22:25:00,0.09865,0.09869,0.09854,0.09866,280380.1,27654.945726,-0.8013565551521636
2021-10-03 22:30:00,0.09866,0.09889,0.09862,0.09889,166590.2,16448.452418,-0.597155070399852
2021-10-03 22:35:00,0.09887,0.09899,0.09881,0.09889,376372.4,37214.653168,-0.5757581073361508
2021-10-03 22:40:00,0.0989,0.09897,0.09877,0.09889,142905.3,14129.624355,-0.5490931929249868
2021-10-03 22:45:00,0.09887,0.09914,0.0984,0.0989,499584.8,49371.805006,-0.5111280087259519
2021-10-03 22:50:00,0.09889,0.09902,0.09853,0.09873,439746.1,43433.584575,-0.627114963513007
2021-10-03 22:55:00,0.09876,0.09901,0.09869,0.09897,484414.6,47883.074676,-0.4110031132394524
2021-10-03 23:00:00,0.09901,0.09901,0.09834,0.09868,411243.1,40501.518571,-0.6260893738968446
2021-10-03 23:05:00,0.09874,0.09914,0.0987,0.09901,181304.7,17942.623597,-0.3031226853955577
2021-10-03 23:10:00,0.09914,0.09919,0.09888,0.09915,141089.2,13977.257053,-0.09328664701411354
2021-10-03 23:15:00,0.09915,0.09928,0.09893,0.09898,300546.8,29806.936387,-0.19403438802180634
2021-10-03 23:20:00,0.09894,0.09917,0.09875,0.09886,371525.6,36743.981288,-0.2755176437297693
2021-10-03 23:25:00,0.0989,0.09921,0.09889,0.0992,508061.9,50342.963572,0.03741064641553811
2021-10-03 23:30:00,0.09918,0.09942,0.0991,0.09942,406605.2,40343.12399,0.2523968705416493
2021-10-03 23:35:00,0.09944,0.09954,0.09935,0.09953,126014.6,12532.518621,0.3743001423277494
2021-10-03 23:40:00,0.09953,0.09979,0.09951,0.09974,489993.8,48816.779257,0.5837710398366737
2021-10-03 23:45:00,0.09974,0.09974,0.09934,0.09954,299729.2,29837.56248,0.4230521298110754
2021-10-03 23:50:00,0.09942,0.09967,0.09941,0.09944,233438.4,23239.831945,0.3513183799314374
2021-10-03 23:55:00,0.09944,0.09973,0.09927,0.09962,576511.9,57298.655719,0.5169094759497195
2021-10-04 00:00:00,0.09964,0.09968,0.0992,0.09957,466742.5,46416.544574,0.4875633312646862
2021-10-04 00:05:00,0.09958,0.0996,0.09914,0.09944,501252.0,49823.364548,0.3806484439843104
2021-10-04 00:10:00,0.0995,0.09962,0.09901,0.09913,549507.8,54543.331459,0.14057058155997412
2021-10-04 00:15:00,0.0991,0.09914,0.09875,0.09882,374617.8,37079.725465,-0.08545937563494357
2021-10-04 00:20:00,0.09882,0.09925,0.09865,0.09876,504453.9,49899.201617,-0.1143158071924544
2021-10-04 00:25:00,0.09884,0.09945,0.09884,0.09945,388986.5,38570.648026,0.48998622536087605
2021-10-04 00:30:00,0.09941,0.09954,0.09894,0.09894,642619.3,63817.172016,0.09081692722624043
2021-10-04 00:35:00,0.09898,0.09918,0.09888,0.09906,545159.2,54010.931501,0.21182527996571626
2021-10-04 00:40:00,0.099,0.09909,0.09828,0.09835,1879202.4,185713.866626,-0.36082795443500576
2021-10-04 00:45:00,0.09833,0.09869,0.09831,0.09864,260336.9,25656.915832,-0.08607778124860596
2021-10-04 00:50:00,0.09865,0.09883,0.09829,0.09835,354760.7,34990.971427,-0.31244707590158055
2021-10-04 00:55:00,0.09836,0.09847,0.09809,0.09823,913326.9,89757.52559,-0.3879083996824409
2021-10-04 01:00:00,0.09823,0.0984,0.09812,0.09834,925826.5,90996.090992,-0.27839936044549646
2021-10-04 01:05:00,0.09826,0.09834,0.09732,0.09783,875320.5,85595.388226,-0.7407873606867919
2021-10-04 01:10:00,0.09785,0.09833,0.09779,0.09824,401891.5,39419.612783,-0.36734552209567267
2021-10-04 01:15:00,0.09822,0.09828,0.09805,0.09815,228914.6,22479.044807,-0.46274204727103635
2021-10-04 01:20:00,0.09813,0.0989,0.09795,0.0989,669652.8,65948.045632,0.27546638698545245
2021-10-04 01:25:00,0.09884,0.09889,0.09865,0.09874,576271.9,56913.709336,0.10789369287219203
2021-10-04 01:30:00,0.0987,0.09871,0.09833,0.09856,513632.9,50617.700679,-0.09455078922210142
2021-10-04 01:35:00,0.09858,0.09867,0.0982,0.09837,352773.7,34721.963474,-0.3250323871660639
2021-10-04 01:40:00,0.0984,0.09873,0.09828,0.09865,778645.2,76713.444819,-0.0635736755218716
2021-10-04 01:45:00,0.09867,0.09895,0.09825,0.09825,901781.4,89047.765376,-0.6364874432226841
2021-10-04 01:50:00,0.09827,0.09845,0.09821,0.09841,262338.3,25800.284302,-0.47180452734471356
2021-10-04 01:55:00,0.09841,0.09841,0.09801,0.09815,279287.6,27424.961607,-0.9877493787768953
2021-10-04 02:00:00,0.0982,0.0982,0.09762,0.09777,446892.3,43702.749321,-1.677496219203039
2021-10-04 02:05:00,0.09777,0.09791,0.09757,0.09776,470575.1,45972.504131,-1.7236061726257585
2021-10-04 02:10:00,0.09771,0.09773,0.09742,0.09773,263863.3,25743.927843,-1.8022546734599165
2021-10-04 02:15:00,0.09776,0.09788,0.09747,0.09766,629762.6,61516.704931,-1.8742352459191556
2021-10-04 02:20:00,0.09763,0.09763,0.09708,0.09715,1927823.9,187535.738881,-2.5156698295022886
2021-10-04 02:25:00,0.09714,0.09739,0.09678,0.09678,965416.8,93716.389347,-2.869942971362807
2021-10-04 02:30:00,0.09679,0.09747,0.09671,0.09739,543557.4,52832.839303,-1.7643211875706073
2021-10-04 02:35:00,0.09741,0.0976,0.09727,0.09746,424978.8,41405.631888,-1.5887507875718234
2021-10-04 02:40:00,0.09744,0.09758,0.09733,0.09738,351377.6,34236.312607,-1.6621685026562631
2021-10-04 02:45:00,0.09738,0.0976,0.09723,0.09724,868650.5,84604.822037,-1.766811154491082
2021-10-04 02:50:00,0.09724,0.09746,0.09716,0.09716,159012.8,15471.808203,-1.8307119024622094
2021-10-04 02:55:00,0.0972,0.09743,0.09673,0.09707,466186.9,45255.081352,-1.8562242878852993
2021-10-04 03:00:00,0.09698,0.097,0.09611,0.09639,588737.5,56720.351225,-2.6202597851133986
2021-10-04 03:05:00,0.09638,0.09638,0.09564,0.09627,1391944.5,133595.263965,-2.470636132457143
2021-10-04 03:10:00,0.09632,0.09634,0.09592,0.09622,511548.4,49161.270354,-2.3371206098746455
2021-10-04 03:15:00,0.0962,0.09665,0.0962,0.09654,414631.6,39991.198484,-1.8361225079278782
2021-10-04 03:20:00,0.0965,0.09684,0.0965,0.09674,347751.0,33616.793752,-1.5297641194782652
2021-10-04 03:25:00,0.09672,0.09693,0.09668,0.09677,304677.8,29492.321932,-1.4227967126473702
2021-10-04 03:30:00,0.0968,0.09703,0.09665,0.09693,507751.5,49169.072806,-1.1786783873130395
2021-10-04 03:35:00,0.09693,0.09693,0.0965,0.09657,412422.3,39885.305599,-1.51651773520832
2021-10-04 03:40:00,0.09658,0.09674,0.09632,0.0964,827042.1,79818.242134,-1.584565590594199
2021-10-04 03:45:00,0.09633,0.09658,0.09606,0.09606,241207.1,23249.383971,-1.8492177255988191
2021-10-04 03:50:00,0.09604,0.09629,0.09581,0.09613,1087799.0,104401.098897,-1.6505746503338912
2021-10-04 03:55:00,0.09616,0.09628,0.09594,0.09594,226017.1,21715.260195,-1.7391357008924133
2021-10-04 04:00:00,0.09584,0.09599,0.09535,0.09552,795599.6,76067.242705,-1.982157695531206
2021-10-04 04:05:00,0.0955,0.09569,0.09501,0.09537,972254.3,92648.854804,-1.9458779142289406
2021-10-04 04:10:00,0.09538,0.09618,0.0952,0.09609,1144669.3,109617.133569,-1.1993664085919133
2021-10-04 04:15:00,0.09607,0.09641,0.09593,0.09609,676381.4,65031.837607,-1.1414792747903764
2021-10-04 04:20:00,0.09606,0.09616,0.09535,0.09561,426141.3,40807.985287,-1.4863829420973376
2021-10-04 04:25:00,0.09565,0.09636,0.09538,0.09618,475665.5,45574.246478,-0.9506286382042428
2021-10-04 04:30:00,0.09616,0.09657,0.09599,0.09628,554527.8,53418.602864,-0.8137660834245793
2021-10-04 04:35:00,0.09629,0.09659,0.09625,0.09653,616254.1,59444.835286,-0.5600801041449248
2021-10-04 04:40:00,0.0965,0.09661,0.09631,0.09659,1036850.6,100026.633985,-0.4284791140728268
2021-10-04 04:45:00,0.09657,0.09684,0.09649,0.09679,440627.5,42612.038764,-0.2439979529159426
2021-10-04 04:50:00,0.09681,0.09684,0.09667,0.09675,238715.9,23096.910069,-0.26264468711753836
2021-10-04 04:55:00,0.09673,0.09682,0.09646,0.09672,844130.8,81558.591912,-0.24918384642728014
2021-10-04 05:00:00,0.09672,0.09708,0.09671,0.09696,422004.8,40893.714039,-0.009705124314253511
2021-10-04 05:05:00,0.09688,0.09703,0.0968,0.09695,236424.7,22915.904551,0.0045309340392141115
2021-10-04 05:10:00,0.09698,0.09706,0.0968,0.09682,485261.3,47068.647449,-0.08859298554251692
2021-10-04 05:15:00,0.09681,0.09708,0.0968,0.09701,291418.5,28265.182594,0.08082921790965354
2021-10-04 05:20:00,0.09698,0.09718,0.09694,0.09705,146942.7,14264.608519,0.15501307745152454
2021-10-04 05:25:00,0.09708,0.09708,0.09692,0.09697,165352.7,16037.162029,0.11980726565902866
2021-10-04 05:30:00,0.09699,0.09708,0.09672,0.09676,176829.9,17127.898774,-0.030817698327419533
2021-10-04 05:35:00,0.09676,0.09705,0.09668,0.097,374961.0,36331.487087,0.1887992483569061
2021-10-04 05:40:00,0.097,0.09735,0.09684,0.09703,655571.2,63649.059206,0.25500387585157996
2021-10-04 05:45:00,0.097,0.09704,0.09672,0.09704,261586.5,25335.245948,0.30536779190350766
2021-10-04 05:50:00,0.09701,0.09717,0.09676,0.09717,303668.5,29450.263071,0.4255242038678054
2021-10-04 05:55:00,0.0972,0.0972,0.09686,0.09687,331645.8,32164.059494,0.1816863372623198
2021-10-04 06:00:00,0.09689,0.09689,0.09635,0.09655,501334.7,48404.37583,-0.07411388336490828
2021-10-04 06:05:00,0.09655,0.09659,0.09602,0.09643,495520.3,47691.49804,-0.1578251470249084
2021-10-04 06:10:00,0.09645,0.09653,0.09614,0.09637,284348.0,27392.635491,-0.1992487202781554
2021-10-04 06:15:00,0.09636,0.09643,0.09601,0.09629,1204820.1,115965.720377,-0.2373068878784859
2021-10-04 06:20:00,0.09633,0.09642,0.09615,0.09642,512449.7,49333.435229,-0.08330445016077823
2021-10-04 06:25:00,0.09637,0.09639,0.096,0.09606,400496.2,38523.384523,-0.39771506737668816
2021-10-04 06:30:00,0.0961,0.09681,0.09606,0.09674,678213.0,65355.110384,0.23636411882850908
2021-10-04 06:35:00,0.09675,0.09694,0.09666,0.09681,183960.2,17808.284772,0.31619567066652493
2021-10-04 06:40:00,0.0968,0.09686,0.09635,0.09655,195003.8,18820.173825,0.08719325973963454
2021-10-04 06:45:00,0.09654,0.09693,0.09623,0.09664,1211133.7,116828.24654,0.19065893002376474
2021-10-04 06:50:00,0.0967,0.09713,0.09654,0.09697,984582.2,95364.792836,0.4937792758910004
2021-10-04 06:55:00,0.09701,0.09707,0.09649,0.09655,416117.2,40256.42038,0.10217654136756298
2021-10-04 07:00:00,0.0965,0.0965,0.09603,0.09628,293388.9,28239.328729,-0.1655047700103141
2021-10-04 07:05:00,0.09628,0.09673,0.09625,0.09671,415966.2,40092.915861,0.2633020833768418
2021-10-04 07:10:00,0.09672,0.09702,0.09668,0.0968,312502.6,30262.596219,0.3625681344484256
2021-10-04 07:15:00,0.09685,0.09722,0.0968,0.09705,296123.2,28724.475657,0.6458381975070603
2021-10-04 07:20:00,0.09705,0.09712,0.09667,0.09685,499131.0,48348.724172,0.426384814785498
2021-10-04 07:25:00,0.09685,0.09722,0.09681,0.09722,316323.2,30682.04336,0.8553155030268885
2021-10-04 07:30:00,0.09717,0.09732,0.09705,0.09732,364215.1,35385.056656,0.973416410866363
2021-10-04 07:35:00,0.09729,0.0974,0.09698,0.09727,1472546.8,143202.584188,0.8810614374602681
2021-10-04 07:40:00,0.09726,0.09749,0.09706,0.0974,870513.3,84663.053661,1.0182325710724984
2021-10-04 07:45:00,0.09735,0.0986,0.09729,0.09815,3066266.8,300715.868327,1.7507964892223593
2021-10-04 07:50:00,0.09816,0.09854,0.09812,0.09853,808106.6,79506.447287,2.120501779536518
2021-10-04 07:55:00,0.09852,0.09906,0.09837,0.09897,613272.8,60551.700155,2.547775824776274
2021-10-04 08:00:00,0.09897,0.09913,0.09859,0.09882,1773566.1,175321.465286,2.2203243174345055
2021-10-04 08:05:00,0.09882,0.09885,0.09844,0.09853,365901.0,36097.922183,1.8464881200271857
2021-10-04 08:10:00,0.09853,0.09857,0.09806,0.09823,517020.9,50817.888434,1.3964060797466733
2021-10-04 08:15:00,0.09815,0.09833,0.09801,0.09823,286745.4,28147.205012,1.3630124385988924
2021-10-04 08:20:00,0.09824,0.09826,0.09803,0.09817,587262.9,57619.902978,1.2751793189586234
2021-10-04 08:25:00,0.09817,0.09822,0.09784,0.09784,588795.6,57711.727155,0.7948950129820198
2021-10-04 08:30:00,0.09783,0.09784,0.09761,0.09767,613123.4,59910.42991,0.5263533735840855
2021-10-04 08:35:00,0.09767,0.09785,0.09753,0.09755,568527.3,55548.185756,0.3274181188602087
2021-10-04 08:40:00,0.09761,0.09761,0.09711,0.09721,1770683.1,172551.157022,-0.18831536266914362
2021-10-04 08:45:00,0.09718,0.09763,0.09718,0.09763,338801.2,33002.353961,0.3992580661477907
2021-10-04 08:50:00,0.0976,0.0979,0.09754,0.09769,811003.7,79273.347779,0.46505975756267115
2021-10-04 08:55:00,0.09759,0.09786,0.0973,0.09772,239823.7,23398.328409,0.47638383678427426
2021-10-04 09:00:00,0.09776,0.09785,0.09748,0.09755,452634.6,44221.062421,0.21897900407830817
2021-10-04 09:05:00,0.09753,0.09755,0.097,0.0973,961368.7,93581.001904,-0.14107764042100276
2021-10-04 09:10:00,0.09725,0.0977,0.09708,0.09755,449725.4,43821.502371,0.20127262265029774
2021-10-04 09:15:00,0.09749,0.09796,0.09749,0.09787,328805.0,32166.687149,0.6454976217853844
2021-10-04 09:20:00,0.09787,0.09798,0.09778,0.09783,1528605.7,149592.795656,0.5551758279761656
2021-10-04 09:25:00,0.09783,0.09783,0.09747,0.09761,417850.8,40786.163803,0.23419099916820443
2021-10-04 09:30:00,0.09761,0.09791,0.0976,0.09782,306296.3,29944.17998,0.5217468425105282
2021-10-04 09:35:00,0.09779,0.09779,0.09732,0.09734,727129.2,70948.637611,-0.16567402140184076
2021-10-04 09:40:00,0.0974,0.09764,0.09729,0.09761,331878.1,32349.857778,0.2042363453832943
2021-10-04 09:45:00,0.09764,0.09803,0.09744,0.09792,667005.7,65215.034965,0.6270274068105391
2021-10-04 09:50:00,0.09792,0.098,0.09762,0.09764,244648.4,23935.905998,0.223132267213479
2021-10-04 09:55:00,0.09767,0.09797,0.09751,0.09792,509239.9,49735.720201,0.6031173827584198
2021-10-04 10:00:00,0.09791,0.09795,0.09757,0.09774,349285.7,34145.654534,0.32058900174438465
2021-10-04 10:05:00,0.09774,0.0978,0.09757,0.09774,252426.1,24657.646088,0.29351761661001763
2021-10-04 10:10:00,0.09772,0.09789,0.09742,0.09756,650180.1,63460.088457,0.021231632038690915
2021-10-04 10:15:00,0.09752,0.09755,0.09711,0.09716,585053.7,56918.510448,-0.6074276611378634
2021-10-04 10:20:00,0.09709,0.09709,0.09655,0.09671,1214017.2,117519.283793,-1.2089105539564227
2021-10-04 10:25:00,0.09671,0.09749,0.09671,0.09744,464742.3,45060.536121,-0.20955754292976292
2021-10-04 10:30:00,0.09746,0.09757,0.09685,0.09685,310117.9,30145.260429,-1.044863800483768
2021-10-04 10:35:00,0.09688,0.09712,0.09682,0.09711,349179.3,33855.618489,-0.6797596558304494
2021-10-04 10:40:00,0.09719,0.09722,0.09674,0.09681,535698.6,51927.109323,-1.0743160367914477
2021-10-04 10:45:00,0.09681,0.09698,0.09653,0.09689,662179.5,64049.681981,-0.9851454090620041
2021-10-04 10:50:00,0.09683,0.09704,0.09662,0.09704,330951.9,32032.879304,-0.7994282599376464
2021-10-04 10:55:00,0.09704,0.09724,0.09692,0.09713,680398.2,66043.30763,-0.6788229468400212
2021-10-04 11:00:00,0.09717,0.09725,0.09665,0.09677,770789.2,74654.394982,-1.1390106562154567
2021-10-04 11:05:00,0.09677,0.09687,0.09659,0.09664,560244.2,54215.968742,-1.2841806449927353
2021-10-04 11:10:00,0.09662,0.09678,0.09637,0.09651,1027033.3,99168.932394,-1.392917395661705
2021-10-04 11:15:00,0.09648,0.09695,0.09631,0.09684,574552.9,55527.428008,-0.9533828032472285
2021-10-04 11:20:00,0.09685,0.09716,0.09673,0.09685,345600.2,33511.809522,-0.9385072291112563
2021-10-04 11:25:00,0.0969,0.09696,0.09625,0.09629,616171.3,59505.527863,-1.5969327080513132
2021-10-04 11:30:00,0.09628,0.09659,0.09578,0.09657,1647595.5,158367.53551,-1.1854422021018955
2021-10-04 11:35:00,0.09657,0.09672,0.09627,0.09659,682364.2,65888.932707,-1.1448930210187611
2021-10-04 11:40:00,0.09658,0.09661,0.09614,0.09621,273244.4,26318.903619,-1.5823693336194238
2021-10-04 11:45:00,0.0963,0.09684,0.09624,0.09677,671831.8,64842.400061,-0.8181149482812842
2021-10-04 11:50:00,0.09678,0.09679,0.09653,0.09663,680792.4,65821.229106,-0.9729086837830759
2021-10-04 11:55:00,0.09674,0.09699,0.09657,0.09664,442732.2,42888.4872,-0.9738914069866483
2021-10-04 12:00:00,0.09659,0.09665,0.09603,0.09622,342861.9,33008.019846,-1.4863582945450353
2021-10-04 12:05:00,0.09622,0.09718,0.09622,0.09701,506515.1,49070.43261,-0.3035633584592748
2021-10-04 12:10:00,0.09712,0.09753,0.09703,0.09726,557315.7,54226.096648,0.11403014293743946
2021-10-04 12:15:00,0.09736,0.09762,0.09732,0.09749,274972.2,26797.920969,0.5063125230962112
2021-10-04 12:20:00,0.09744,0.09752,0.09722,0.09726,178344.2,17366.399917,0.16609662826346314
2021-10-04 12:25:00,0.09727,0.09747,0.09704,0.09747,622323.6,60533.153786,0.5345708205936425
2021-10-04 12:30:00,0.09749,0.0976,0.09714,0.09731,510511.0,49700.670412,0.2791194237081204
2021-10-04 12:35:00,0.09731,0.09763,0.09719,0.09741,1113697.9,108462.614494,0.4447219798195529
2021-10-04 12:40:00,0.09742,0.09771,0.09733,0.09763,690735.7,67379.801917,0.799151326988884
2021-10-04 12:45:00,0.09765,0.09842,0.09751,0.09837,3327465.5,326564.58783,1.7763402700145492
2021-10-04 12:50:00,0.09833,0.09918,0.09833,0.099,3236209.1,319861.683896,2.3972002736690463
2021-10-04 12:55:00,0.09894,0.09894,0.0986,0.09868,484525.5,47843.477571,1.8200249060515539
2021-10-04 13:00:00,0.09869,0.09911,0.09858,0.09887,597526.7,59111.549241,1.9815807945946589
2021-10-04 13:05:00,0.0989,0.09916,0.0988,0.09899,656406.6,64973.328663,2.0124724224224626
2021-10-04 13:10:00,0.09896,0.09964,0.09892,0.09952,1661884.0,165103.071016,2.4383513034107347
2021-10-04 13:15:00,0.09954,0.09965,0.09944,0.09964,631897.2,62923.051907,2.3984138542360753
2021-10-04 13:20:00,0.09964,0.09972,0.09907,0.0994,1131848.1,112479.441878,1.9702533667957116
2021-10-04 13:25:00,0.0994,0.09997,0.09924,0.09988,1589768.8,158320.027245,2.2775655512241704
2021-10-04 13:30:00,0.09985,0.09994,0.09948,0.09988,1504676.5,150037.056615,2.0866663667428145
2021-10-04 13:35:00,0.09983,0.10015,0.09979,0.1001,1520139.1,152007.80495,2.106984856357988
2021-10-04 13:40:00,0.10013,0.1002,0.09992,0.10004,800256.6,80077.459926,1.9229190435929346
2021-10-04 13:45:00,0.10008,0.10008,0.09946,0.09969,800330.7,79857.335993,1.5188617020676676
2021-10-04 13:50:00,0.0997,0.10054,0.0996,0.10039,3182077.3,318866.616979,1.923111842468811
2021-10-04 13:55:00,0.10039,0.10114,0.10033,0.10082,2437972.2,245469.958053,2.0773671950804316
2021-10-04 14:00:00,0.10083,0.1017,0.10011,0.1007,2819761.7,284726.106882,1.7861768445768442
2021-10-04 14:05:00,0.1007,0.10076,0.1,0.10076,1473976.1,148075.146934,1.7193587172553353
2021-10-04 14:10:00,0.10071,0.10088,0.10023,0.10046,764493.1,76894.359984,1.4125462085827423
2021-10-04 14:15:00,0.10049,0.10099,0.10042,0.1009,590478.2,59466.471071,1.672227270336029
2021-10-04 14:20:00,0.10085,0.10101,0.10069,0.10079,525951.5,53051.762784,1.5005770884522571
2021-10-04 14:25:00,0.10076,0.10096,0.10044,0.10051,452637.1,45595.799587,1.2477274187454162
2021-10-04 14:30:00,0.10055,0.10077,0.09987,0.10019,1489392.0,149163.822416,0.9644860473868124
2021-10-04 14:35:00,0.1002,0.10022,0.09916,0.09929,2908282.0,289356.267117,0.2797025810057149
2021-10-04 14:40:00,0.09927,0.09947,0.09827,0.09899,1491688.8,147349.886405,0.042446756802436314
2021-10-04 14:45:00,0.099,0.0991,0.09774,0.09808,2384973.0,234220.301532,-0.6154134036388875
2021-10-04 14:50:00,0.09812,0.09815,0.09725,0.09725,1315995.5,128712.631316,-1.187014795418344
2021-10-04 14:55:00,0.09725,0.09725,0.09635,0.09699,2223050.0,215253.072409,-1.3130650835161
2021-10-04 15:00:00,0.09698,0.09698,0.09454,0.09581,5345536.1,510247.507531,-1.909703166396096
2021-10-04 15:05:00,0.09573,0.09637,0.09526,0.09549,2740185.2,262603.12363,-1.9718874459820248
2021-10-04 15:10:00,0.09537,0.09698,0.09523,0.0967,2433615.2,233990.280254,-1.1379443011087842
2021-10-04 15:15:00,0.09667,0.09703,0.09628,0.09676,1743807.9,168477.936253,-1.0679340899929595
2021-10-04 15:20:00,0.09666,0.09666,0.09578,0.09598,950110.8,91383.977933,-1.5226934481345138
2021-10-04 15:25:00,0.09597,0.09661,0.09593,0.09643,771948.8,74335.361737,-1.223627676439168
2021-10-04 15:30:00,0.09645,0.09706,0.09629,0.09701,736800.3,71216.508881,-0.8738872624508601
2021-10-04 15:35:00,0.097,0.09714,0.09653,0.09653,700697.7,67853.21241,-1.1615788952959234
2021-10-04 15:40:00,0.09653,0.0971,0.0965,0.0971,344505.5,33347.513221,-0.8093326065436376
2021-10-04 15:45:00,0.09705,0.09737,0.09683,0.09733,493676.3,47978.562226,-0.6701449690288247
2021-10-04 15:50:00,0.09732,0.09732,0.09688,0.09709,561001.5,54472.434724,-0.819164089908612
2021-10-04 15:55:00,0.097,0.09737,0.09664,0.09733,431683.4,41836.610116,-0.6725890877543134
2021-10-04 16:00:00,0.09722,0.09761,0.09714,0.09736,502167.8,48868.867556,-0.6559532934579273
2021-10-04 16:05:00,0.0974,0.09812,0.0974,0.09805,1638409.4,160484.088928,-0.23352270073603681
2021-10-04 16:10:00,0.09803,0.09853,0.098,0.09846,1193153.0,117171.175012,0.011480074696226137
2021-10-04 16:15:00,0.0985,0.0988,0.09817,0.0988,1286181.4,126732.509083,0.21331496022618598
2021-10-04 16:20:00,0.09872,0.09917,0.09834,0.09851,1462029.5,144232.963404,0.0328487027280496
2021-10-04 16:25:00,0.09856,0.09869,0.09829,0.09862,417889.4,41167.020505,0.0941744267222733
2021-10-04 16:30:00,0.09862,0.09906,0.09832,0.09842,793498.5,78309.490837,-0.033454080043838694
2021-10-04 16:35:00,0.09844,0.09868,0.09836,0.0984,490780.9,48354.42046,-0.05613924989731731
2021-10-04 16:40:00,0.0984,0.09868,0.09789,0.09796,1217216.3,119519.948817,-0.3255397771406309
2021-10-04 16:45:00,0.09791,0.0982,0.09756,0.09816,609062.3,59600.187429,-0.20560851414427325
2021-10-04 16:50:00,0.09819,0.09841,0.09779,0.09796,965960.0,94710.05273,-0.31052654740889607
2021-10-04 16:55:00,0.09799,0.09813,0.09781,0.09787,430199.6,42151.234221,-0.36460867011946935
2021-10-04 17:00:00,0.09787,0.09829,0.09744,0.09745,649186.5,63599.961842,-0.620325230753223
2021-10-04 17:05:00,0.09749,0.09795,0.0969,0.09763,984157.4,95824.021715,-0.49928621486804403
2021-10-04 17:10:00,0.09758,0.09762,0.09712,0.09745,552021.7,53711.998513,-0.5958682193614205
2021-10-04 17:15:00,0.09746,0.09763,0.0972,0.09742,897495.0,87423.007385,-0.6061735966463829
2021-10-04 17:20:00,0.0974,0.09746,0.09717,0.0974,318128.7,30967.090011,-0.6090388795591641
2021-10-04 17:25:00,0.09738,0.09791,0.09738,0.09773,252866.1,24701.647746,-0.37233928906991004
2021-10-04 17:30:00,0.09778,0.09844,0.09775,0.09829,916753.1,90030.270186,0.026770382806698925
2021-10-04 17:35:00,0.09828,0.09889,0.0982,0.09873,622604.4,61320.439868,0.36084130153852434
2021-10-04 17:40:00,0.09867,0.09891,0.09836,0.09838,508446.2,50186.004616,0.13790852770490689
2021-10-04 17:45:00,0.09838,0.0989,0.09838,0.09889,308041.9,30430.236128,0.5153647374661011
2021-10-04 17:50:00,0.09886,0.0994,0.0988,0.09906,782565.3,77519.753579,0.7320049725052301
2021-10-04 17:55:00,0.09901,0.09918,0.09877,0.09888,632272.6,62583.765604,0.7043711794999185
2021-10-04 18:00:00,0.09888,0.09926,0.0985,0.09857,1222535.2,121056.802794,0.5864243975125951
2021-10-04 18:05:00,0.09862,0.09921,0.09853,0.099,609703.4,60318.033122,0.9882275960121426
2021-10-04 18:10:00,0.09911,0.09921,0.09876,0.09894,451291.9,44690.063663,0.9754429505298633
2021-10-04 18:15:00,0.099,0.09919,0.09894,0.09909,284405.1,28172.335909,1.1379406624320414
2021-10-04 18:20:00,0.09915,0.09996,0.09893,0.09956,2280187.5,227087.500252,1.4821997328391714
2021-10-04 18:25:00,0.09961,0.09981,0.09949,0.09963,388239.5,38688.831954,1.5385230342992142
2021-10-04 18:30:00,0.09962,0.09991,0.0994,0.09963,770732.9,76765.868667,1.5510294932715032
2021-10-04 18:35:00,0.09963,0.09982,0.09957,0.09967,343341.3,34242.949191,1.603909219493183
2021-10-04 18:40:00,0.09965,0.10001,0.09962,0.09971,691298.5,69017.868116,1.600206165996955
2021-10-04 18:45:00,0.09978,0.09993,0.0994,0.0994,416078.5,41469.094988,1.3534834367468198
2021-10-04 18:50:00,0.09943,0.09967,0.09943,0.09949,369190.9,36758.04975,1.394630840810647
2021-10-04 18:55:00,0.0995,0.09984,0.09937,0.0996,391179.6,38976.825853,1.4364616246132005
2021-10-04 19:00:00,0.09962,0.10006,0.09957,0.09986,543236.2,54213.775494,1.4536213814356171
2021-10-04 19:05:00,0.09989,0.09996,0.09925,0.09941,1092571.7,108824.412791,0.9926523743304695
2021-10-04 19:10:00,0.09931,0.09933,0.09886,0.09909,1357331.7,134495.796144,0.6473916283847185
2021-10-04 19:15:00,0.09918,0.09946,0.09885,0.09902,941391.4,93228.49218,0.5244941279740871
2021-10-04 19:20:00,0.09902,0.09914,0.09853,0.09872,839979.8,82940.448676,0.23200281613779272
2021-10-04 19:25:00,0.09871,0.0989,0.09859,0.09864,321053.2,31709.846861,0.1291807416661813
2021-10-04 19:30:00,0.09871,0.09937,0.09869,0.09906,939740.5,93083.91132,0.4597457505814954
2021-10-04 19:35:00,0.09903,0.0992,0.09875,0.09882,413517.7,40925.777464,0.21636597770889002
2021-10-04 19:40:00,0.09882,0.09917,0.09877,0.099,379230.8,37535.723541,0.36683488286320187
2021-10-04 19:45:00,0.09907,0.09917,0.09888,0.09888,519721.0,51463.428626,0.23883425949384338
2021-10-04 19:50:00,0.09884,0.09894,0.09861,0.09878,436608.2,43147.471781,0.12348092993490323
2021-10-04 19:55:00,0.09877,0.09899,0.09876,0.0989,325226.4,32155.529894,0.22115460372770213
2021-10-04 20:00:00,0.09891,0.0991,0.09841,0.09844,768379.7,75904.62882,-0.23194429513761974
2021-10-04 20:05:00,0.09851,0.09871,0.09827,0.09834,230442.7,22696.136074,-0.3554244492573332
2021-10-04 20:10:00,0.09836,0.09855,0.09823,0.09847,449519.7,44223.164006,-0.235877765989143
2021-10-04 20:15:00,0.09851,0.09851,0.09824,0.09833,381499.4,37515.726767,-0.362625337434589
2021-10-04 20:20:00,0.09832,0.09849,0.09777,0.09781,956549.8,93926.917954,-0.8385433518147223
2021-10-04 20:25:00,0.09786,0.09806,0.09782,0.09793,799670.6,78331.926581,-0.7033092049142758
2021-10-04 20:30:00,0.09782,0.09791,0.09744,0.09784,652645.7,63748.651028,-0.7735879049817433
2021-10-04 20:35:00,0.09784,0.0982,0.09777,0.09786,528886.7,51860.557561,-0.7417212701325377
2021-10-04 20:40:00,0.09788,0.09807,0.09763,0.09784,354128.7,34646.153899,-0.7744222445988529
2021-10-04 20:45:00,0.09794,0.09821,0.09784,0.09788,252799.0,24787.406841,-0.7369872903895208
2021-10-04 20:50:00,0.09789,0.09797,0.09772,0.09784,276609.1,27062.109954,-0.7851419284566582
2021-10-04 20:55:00,0.0979,0.09803,0.09764,0.09771,752347.0,73680.184459,-0.8890388725948849
2021-10-04 21:00:00,0.09772,0.0982,0.09763,0.09812,245832.9,24114.942398,-0.5348890890213691
2021-10-04 21:05:00,0.09812,0.09812,0.09743,0.09743,320555.0,31348.665495,-1.1836426259754012
2021-10-04 21:10:00,0.09753,0.09763,0.09724,0.09735,430666.8,41927.998779,-1.2495150211177732
2021-10-04 21:15:00,0.09731,0.09785,0.09731,0.09751,776718.5,75822.556628,-1.1052941108290653
2021-10-04 21:20:00,0.09753,0.09788,0.09746,0.09772,262493.1,25629.920109,-0.9189361319358477
2021-10-04 21:25:00,0.09773,0.09781,0.09761,0.09761,159886.9,15621.635142,-1.012444287644948
2021-10-04 21:30:00,0.09761,0.09765,0.09744,0.09753,275054.7,26822.755211,-1.0735832854282776
2021-10-04 21:35:00,0.09755,0.09756,0.0971,0.09711,828066.9,80679.629579,-1.3784497469498418
2021-10-04 21:40:00,0.09711,0.09756,0.09708,0.09737,413189.4,40198.68904,-1.1255118850513948
2021-10-04 21:45:00,0.09738,0.09758,0.09703,0.09736,486621.2,47360.017225,-1.102916229344483
2021-10-04 21:50:00,0.09736,0.09781,0.09736,0.09763,247664.0,24179.33026,-0.8556947782237455
2021-10-04 21:55:00,0.09763,0.09787,0.09763,0.09778,316798.5,30970.056936,-0.715837615501171
2021-10-04 22:00:00,0.09781,0.09807,0.09753,0.09753,478269.3,46827.508482,-0.9103420011815976
2021-10-04 22:05:00,0.09754,0.09783,0.0975,0.09781,498059.3,48644.900857,-0.6574391943384627
2021-10-04 22:10:00,0.09772,0.0978,0.09738,0.09745,349722.7,34137.02124,-0.9494567403543143
2021-10-04 22:15:00,0.09755,0.09781,0.09734,0.09736,311529.8,30405.755764,-1.0144316098780446
2021-10-04 22:20:00,0.09732,0.09775,0.0973,0.09768,318220.8,31023.218171,-0.6622401488366861
2021-10-04 22:25:00,0.09762,0.09767,0.09737,0.09758,255349.1,24901.683214,-0.743846154976165
2021-10-04 22:30:00,0.09754,0.09785,0.0974,0.09747,388888.5,37958.35276,-0.8154954190571501
2021-10-04 22:35:00,0.09736,0.09752,0.09721,0.09745,377670.8,36752.476581,-0.8304683042178195
2021-10-04 22:40:00,0.09747,0.09764,0.097,0.09712,709908.4,69141.327143,-1.1099063152964648
2021-10-04 22:45:00,0.09707,0.09727,0.09683,0.09718,744878.7,72238.881013,-1.02367632165172
2021-10-04 22:50:00,0.09718,0.09747,0.09715,0.09739,160081.5,15574.331037,-0.8118517467325315
2021-10-04 22:55:00,0.09739,0.0974,0.09683,0.09694,1604067.3,155713.11303,-1.2154400298944972
2021-10-04 23:00:00,0.09701,0.09744,0.09667,0.09707,2852002.0,276426.023669,-0.9626617436860683
2021-10-04 23:05:00,0.09708,0.09714,0.09657,0.09661,748703.3,72518.613048,-1.3737449702346745
2021-10-04 23:10:00,0.09661,0.09711,0.09659,0.09711,913826.1,88510.532295,-0.7163416190151841
2021-10-04 23:15:00,0.09714,0.0975,0.09701,0.09729,1063906.9,103450.623313,-0.44515252003419564
2021-10-04 23:20:00,0.09732,0.09745,0.09719,0.09736,580809.5,56518.625059,-0.3214483192757659
2021-10-04 23:25:00,0.09733,0.09745,0.09722,0.09738,228843.6,22282.148316,-0.2826343749282183
2021-10-04 23:30:00,0.0974,0.09817,0.09732,0.09792,557742.4,54532.053174,0.37886518788132556
2021-10-04 23:35:00,0.09791,0.098,0.0974,0.09745,1288169.4,125795.350858,-0.12489184052606846
2021-10-04 23:40:00,0.09745,0.09764,0.09732,0.09754,165834.1,16155.252791,7.858112243479178e-05
2021-10-04 23:45:00,0.09758,0.09762,0.09712,0.09718,1707205.7,166109.019874,-0.3557624215138796
2021-10-04 23:50:00,0.09718,0.09726,0.09705,0.0971,481824.4,46805.254083,-0.4157432381559875
2021-10-04 23:55:00,0.09709,0.09726,0.09656,0.09699,1089893.9,105491.437361,-0.5009633953958895
2021-10-05 00:00:00,0.09699,0.09744,0.0966,0.09671,890966.9,86349.176649,-0.7586338312364033
2021-10-05 00:05:00,0.09663,0.09697,0.09625,0.09694,1523086.5,147122.144139,-0.4665433140908496
2021-10-05 00:10:00,0.0969,0.0974,0.09688,0.09724,414306.6,40261.136397,-0.10899988919892432
2021-10-05 00:15:00,0.09721,0.09732,0.09683,0.09724,411024.3,39904.490041,-0.09369700702849093
2021-10-05 00:20:00,0.09721,0.09733,0.09695,0.09708,204122.1,19827.597811,-0.2569592027350092
2021-10-05 00:25:00,0.09709,0.09715,0.09681,0.09691,160540.4,15572.543432,-0.43078121884392184
2021-10-05 00:30:00,0.09687,0.09687,0.09646,0.09646,537788.7,51944.162915,-0.9143697943036858
2021-10-05 00:35:00,0.09649,0.09712,0.09646,0.09711,619203.7,59989.028698,-0.15523788170685865
2021-10-05 00:40:00,0.09711,0.0975,0.0968,0.09727,693503.8,67387.755118,0.03745495654877759
2021-10-05 00:45:00,0.09731,0.09786,0.09728,0.09769,541178.5,52848.41567,0.5270435820655216
2021-10-05 00:50:00,0.09764,0.09786,0.09752,0.09768,267751.4,26150.237567,0.5211522840110543
2021-10-05 00:55:00,0.09768,0.09799,0.09748,0.09788,422308.5,41292.243261,0.7666784070829402
2021-10-05 01:00:00,0.0979,0.09843,0.09786,0.09811,1327760.6,130371.892418,0.9980948981890911
2021-10-05 01:05:00,0.0981,0.09815,0.09772,0.09792,791047.3,77498.372172,0.7695404667052256
2021-10-05 01:10:00,0.0979,0.09834,0.0978,0.09834,1372209.0,134595.50382,1.2386327412171885
2021-10-05 01:15:00,0.09832,0.09839,0.09807,0.09823,683513.7,67159.424203,1.097916720836197
2021-10-05 01:20:00,0.09829,0.09838,0.09812,0.09834,239739.4,23563.799016,1.229352134212773
2021-10-05 01:25:00,0.09833,0.0985,0.09829,0.09846,385465.7,37933.949622,1.3641611918768217
2021-10-05 01:30:00,0.09843,0.09847,0.09807,0.09819,371547.4,36513.080437,1.0328172772350324
2021-10-05 01:35:00,0.09813,0.09818,0.09771,0.09781,934359.1,91412.146111,0.5532585404036536
2021-10-05 01:40:00,0.09775,0.09782,0.09754,0.09756,523794.5,51149.838288,0.23000063387639372
2021-10-05 01:45:00,0.09758,0.09793,0.09758,0.0978,191128.2,18688.335844,0.5655713412106026
2021-10-05 01:50:00,0.09776,0.09776,0.0975,0.09754,245396.8,23944.673743,0.21030244971294082
2021-10-05 01:55:00,0.09758,0.0979,0.09738,0.09766,392860.4,38355.963166,0.38596624697695064
2021-10-05 02:00:00,0.0977,0.09793,0.09735,0.09746,313231.4,30585.078065,0.10382483851031145
2021-10-05 02:05:00,0.09747,0.09757,0.09709,0.0971,462034.9,44968.634227,-0.41442102700298467
2021-10-05 02:10:00,0.09714,0.09725,0.09706,0.09714,240459.8,23358.741374,-0.36093926016333566
2021-10-05 02:15:00,0.09708,0.09732,0.09683,0.09687,741971.6,72014.528063,-0.7782433663334343
2021-10-05 02:20:00,0.09687,0.097,0.0965,0.09681,2558086.3,247257.060986,-0.8095547468372248
2021-10-05 02:25:00,0.0968,0.09704,0.0968,0.09699,325819.6,31578.29382,-0.5239278814667157
2021-10-05 02:30:00,0.09702,0.09728,0.09681,0.09688,742642.6,72033.494017,-0.6946313028677038
2021-10-05 02:35:00,0.09683,0.09698,0.09662,0.09675,668811.5,64727.732035,-0.89920960227549
2021-10-05 02:40:00,0.09675,0.09694,0.09663,0.09694,418019.0,40465.018908,-0.6028061348477697
2021-10-05 02:45:00,0.09691,0.0972,0.09685,0.09686,363776.7,35298.486081,-0.7559936655166629
2021-10-05 02:50:00,0.09688,0.09712,0.09687,0.09699,247480.6,24003.36184,-0.5313024566666861
2021-10-05 02:55:00,0.09696,0.09737,0.09686,0.09729,314822.5,30576.647321,-0.02506711794234963
2021-10-05 03:00:00,0.09729,0.09764,0.09715,0.09756,210538.9,20509.264269,0.44768041750236814
2021-10-05 03:05:00,0.09753,0.09773,0.09751,0.09773,332953.8,32503.099747,0.7727329029153407
2021-10-05 03:10:00,0.0977,0.0977,0.09727,0.09747,289121.2,28173.683913,0.23168982988580827
2021-10-05 03:15:00,0.09751,0.09772,0.09736,0.09764,150367.7,14666.530529,0.5763078130643815
2021-10-05 03:20:00,0.0976,0.09792,0.09756,0.09777,261006.1,25512.104719,0.834611642215313
2021-10-05 03:25:00,0.09777,0.09821,0.09777,0.09814,818990.5,80301.721206,1.5194855959016336
2021-10-05 03:30:00,0.09813,0.09824,0.09778,0.0978,1235764.6,121153.679583,0.8166998956131244
2021-10-05 03:35:00,0.09779,0.09808,0.09766,0.09806,627581.7,61435.572129,1.2938466042387107
2021-10-05 03:40:00,0.09808,0.09827,0.09793,0.09827,535488.3,52520.567378,1.6325822100709069
2021-10-05 03:45:00,0.09827,0.09847,0.0981,0.09842,826627.2,81281.278045,1.782296212279366
2021-10-05 03:50:00,0.09845,0.09864,0.09818,0.09864,392462.7,38610.060951,2.0634464647529756
2021-10-05 03:55:00,0.09866,0.09886,0.09853,0.09886,784596.5,77450.622181,2.241964894124787
2021-10-05 04:00:00,0.09887,0.09897,0.09838,0.09854,314201.6,31011.718765,1.6082574365805862
2021-10-05 04:05:00,0.09851,0.09902,0.09851,0.09901,346769.0,34285.788749,2.196679423768884
2021-10-05 04:10:00,0.09902,0.09919,0.09881,0.09918,1572824.3,155762.103183,2.19865982302644
2021-10-05 04:15:00,0.09918,0.0992,0.09892,0.09919,408223.6,40438.714086,2.0707826457221943
2021-10-05 04:20:00,0.0992,0.09963,0.09913,0.09952,1167414.3,116076.816445,2.3019214774405476
2021-10-05 04:25:00,0.09951,0.09954,0.09909,0.09952,717778.9,71297.512646,2.1347799824269087
2021-10-05 04:30:00,0.0995,0.09951,0.09899,0.09914,454285.9,45117.932388,1.5547403989536814
2021-10-05 04:35:00,0.09915,0.09952,0.0991,0.09945,261265.6,25959.343474,1.8448766676884603
2021-10-05 04:40:00,0.09945,0.09954,0.099,0.09909,404683.3,40151.184411,1.330821420957783
2021-10-05 04:45:00,0.09901,0.09909,0.09863,0.09893,652467.8,64506.299696,1.0919012753322095
2021-10-05 04:50:00,0.09885,0.0989,0.09835,0.09836,787865.8,77703.933991,0.38871070990383855
2021-10-05 04:55:00,0.09832,0.09854,0.09831,0.09848,350085.8,34447.250937,0.52643047296512
2021-10-05 05:00:00,0.09843,0.09914,0.09835,0.09902,383508.8,37920.055929,1.1656809140717252
2021-10-05 05:05:00,0.09906,0.09925,0.09886,0.09925,403411.2,39964.655576,1.3975877957039076
2021-10-05 05:10:00,0.09925,0.09962,0.09925,0.09955,533946.0,53114.953247,1.7088549555818853
2021-10-05 05:15:00,0.09956,0.10029,0.09946,0.10024,2767774.7,276165.116841,2.1878436608898295
2021-10-05 05:20:00,0.10024,0.10055,0.10002,0.10034,1796262.9,180218.974426,2.0907813640028974
2021-10-05 05:25:00,0.10034,0.10085,0.10022,0.10054,2125911.1,213748.716437,2.0869013741472626
2021-10-05 05:30:00,0.10048,0.10121,0.09982,0.10035,4384579.6,440686.556026,1.6197025215271166
2021-10-05 05:35:00,0.10037,0.10037,0.09988,0.10005,629061.5,62944.427187,1.2425224983887682
2021-10-05 05:40:00,0.10002,0.10039,0.09988,0.10008,465770.9,46623.699536,1.2185074740937385
2021-10-05 05:45:00,0.10012,0.10042,0.10012,0.10033,408831.7,40980.343402,1.4185212067751607
2021-10-05 05:50:00,0.10035,0.10047,0.10009,0.10038,487291.2,48859.20951,1.409084746589458
2021-10-05 05:55:00,0.10035,0.10038,0.09994,0.09994,501237.4,50198.313426,0.9503189307156956
2021-10-05 06:00:00,0.09999,0.1005,0.09998,0.10041,421157.9,42202.939333,1.3443890030791437
2021-10-05 06:05:00,0.10038,0.1011,0.10026,0.10103,1292638.4,130170.378277,1.7758886706348642
2021-10-05 06:10:00,0.10099,0.10099,0.10056,0.10071,610584.2,61506.998283,1.420568161715723
2021-10-05 06:15:00,0.10072,0.10077,0.10021,0.10047,1063590.4,106919.189138,1.1221200484269525
2021-10-05 06:20:00,0.10046,0.10053,0.10015,0.10029,430653.7,43182.90607,0.7993975464117822
2021-10-05 06:25:00,0.10029,0.10039,0.10002,0.10032,817081.7,81903.021709,0.783797935477743
2021-10-05 06:30:00,0.10026,0.10072,0.10025,0.10054,368644.9,37030.244032,0.9123184396623498
2021-10-05 06:35:00,0.10061,0.10083,0.1006,0.10083,911231.5,91769.452789,1.07831526949237
2021-10-05 06:40:00,0.1008,0.10098,0.10066,0.10083,636643.9,64188.61789,1.023197585819836
2021-10-05 06:45:00,0.10084,0.10093,0.10061,0.10072,574895.4,57904.972839,0.8863081765576019
2021-10-05 06:50:00,0.1007,0.10072,0.10053,0.1006,454822.7,45756.769141,0.7567485104555599
2021-10-05 06:55:00,0.10052,0.10088,0.10013,0.10058,1703525.6,171339.101447,0.6869827055236
2021-10-05 07:00:00,0.10057,0.10126,0.1005,0.10122,1463330.3,147799.805754,1.147513507838818
2021-10-05 07:05:00,0.10122,0.10177,0.1012,0.10164,1284353.9,130370.438459,1.401607343589604
2021-10-05 07:10:00,0.10159,0.10179,0.10132,0.10158,1005626.5,102099.572898,1.2839951142401937
2021-10-05 07:15:00,0.10166,0.1017,0.10112,0.10126,596599.5,60508.292479,0.9999968338811864
2021-10-05 07:20:00,0.10124,0.10137,0.10092,0.10122,756720.4,76531.26538,0.9329383060683416
2021-10-05 07:25:00,0.10123,0.10137,0.1011,0.10127,307568.2,31137.394155,0.9305541589191971
2021-10-05 07:30:00,0.10125,0.10145,0.10097,0.10132,587438.4,59460.891255,0.8956392499028335
2021-10-05 07:35:00,0.10134,0.10149,0.10121,0.10127,485916.3,49249.028175,0.8188457935255222
2021-10-05 07:40:00,0.1012,0.10144,0.10115,0.10144,363490.6,36822.269528,0.9162802655783168
2021-10-05 07:45:00,0.10141,0.10144,0.101,0.10111,786914.8,79576.00233,0.6259667544929227
2021-10-05 07:50:00,0.1013,0.10149,0.10114,0.10136,494036.2,50051.272889,0.7948130519234283
2021-10-05 07:55:00,0.10138,0.1015,0.10102,0.10102,709188.5,71911.583119,0.5094809482487062
2021-10-05 08:00:00,0.10103,0.10147,0.10098,0.10109,1395091.1,141205.885528,0.5350773131977864
2021-10-05 08:05:00,0.10109,0.10149,0.10063,0.10074,1035865.3,104672.242252,0.25375946845638503
2021-10-05 08:10:00,0.1007,0.10116,0.10054,0.10099,607634.9,61255.267679,0.4095015396065259
2021-10-05 08:15:00,0.10105,0.10147,0.10078,0.10135,942135.5,95309.074965,0.6726052566001454
2021-10-05 08:20:00,0.10136,0.10169,0.10123,0.10165,589954.8,59887.060012,0.8845535424462284
2021-10-05 08:25:00,0.10162,0.1018,0.10129,0.10144,1354814.2,137653.557447,0.6881214471766689
2021-10-05 08:30:00,0.1014,0.10183,0.10139,0.10171,762326.8,77501.886506,0.8797999835443562
2021-10-05 08:35:00,0.10175,0.1022,0.10166,0.1019,1322597.0,134863.718291,1.0016530841529385
2021-10-05 08:40:00,0.10197,0.102,0.1012,0.10148,1617314.5,164046.566245,0.6254609463835353
2021-10-05 08:45:00,0.10147,0.1017,0.10114,0.10124,1354627.0,137386.705019,0.3961411109271374
2021-10-05 08:50:00,0.10126,0.1015,0.10063,0.10081,1461360.5,147636.113194,0.006608115636855507
2021-10-05 08:55:00,0.10083,0.10118,0.10075,0.10113,932357.3,94129.702656,0.2506889162480236
2021-10-05 09:00:00,0.10106,0.10122,0.10063,0.10065,748067.5,75518.761976,-0.15615200842639193
2021-10-05 09:05:00,0.1007,0.10101,0.10065,0.10072,1008539.2,101628.950473,-0.10824119149399282
2021-10-05 09:10:00,0.10071,0.1014,0.10063,0.10123,1378420.4,139445.945019,0.30257944026541617
2021-10-05 09:15:00,0.10123,0.10156,0.10072,0.10104,3204004.7,324211.562157,0.10390205914881324
2021-10-05 09:20:00,0.10103,0.10136,0.10075,0.10126,875943.8,88535.811935,0.28018296593479836
2021-10-05 09:25:00,0.10135,0.1015,0.10124,0.10133,906376.2,91917.009953,0.3305813672986394
2021-10-05 09:30:00,0.10129,0.1025,0.10107,0.10173,7942840.0,808961.832526,0.5516757342510136
2021-10-05 09:35:00,0.10169,0.10196,0.10155,0.1019,1124954.0,114507.019075,0.6908701341334519
2021-10-05 09:40:00,0.10191,0.10207,0.10176,0.1019,1049723.5,106996.592073,0.6735288774594859
2021-10-05 09:45:00,0.10186,0.1023,0.10175,0.10222,1072454.2,109435.239898,0.9672666193415299
2021-10-05 09:50:00,0.10225,0.10272,0.10222,0.1027,2254320.9,231099.462055,1.372268783477012
2021-10-05 09:55:00,0.10267,0.10309,0.10267,0.10304,1601146.6,164738.441993,1.614829652328032
2021-10-05 10:00:00,0.10303,0.10312,0.10259,0.1029,1219869.4,125396.897946,1.4379049909671335
2021-10-05 10:05:00,0.10284,0.10289,0.10258,0.10276,581879.0,59781.234289,1.3071621780357734
2021-10-05 10:10:00,0.1028,0.10471,0.10277,0.10434,8171513.1,849068.141946,2.388963363565148
2021-10-05 10:15:00,0.10437,0.10439,0.10346,0.10369,1866513.0,193823.672599,1.674536749904544
2021-10-05 10:20:00,0.10366,0.10388,0.10332,0.10341,777489.4,80496.834365,1.3687109829286896
2021-10-05 10:25:00,0.10341,0.10425,0.10341,0.10361,1397708.8,145204.135492,1.4766652866585717
2021-10-05 10:30:00,0.1036,0.10439,0.10358,0.10427,1164419.2,121186.276193,1.9666718851092455
2021-10-05 10:35:00,0.10432,0.10435,0.10395,0.10412,1035452.5,107830.827764,1.7550477191891547
2021-10-05 10:40:00,0.10411,0.10418,0.10331,0.10344,1016596.8,105425.753851,1.1379536465495155
2021-10-05 10:45:00,0.10341,0.10386,0.10332,0.10372,929588.4,96342.883201,1.3349250660185465
2021-10-05 10:50:00,0.10363,0.10363,0.10251,0.1032,2319434.1,238917.240063,0.8517370554998555
2021-10-05 10:55:00,0.10315,0.10372,0.10303,0.10331,984150.5,101758.309868,0.8933995687664386
2021-10-05 11:00:00,0.10333,0.10356,0.10303,0.10309,629661.7,65082.376064,0.6876631807727203
2021-10-05 11:05:00,0.1031,0.10341,0.103,0.10311,612234.5,63153.837625,0.700253881608178
2021-10-05 11:10:00,0.10312,0.1033,0.10287,0.10301,1479879.1,152549.415306,0.6001237809966118
2021-10-05 11:15:00,0.10301,0.10357,0.10301,0.10354,1601371.7,165530.89267,1.038529334222006
2021-10-05 11:20:00,0.10347,0.10355,0.10327,0.10338,515160.3,53280.374151,0.8811387371237783
2021-10-05 11:25:00,0.10336,0.10336,0.10308,0.10328,696293.8,71875.442624,0.7835789540533901
2021-10-05 11:30:00,0.10325,0.10336,0.10311,0.10325,1126860.7,116341.949153,0.7398815225076072
2021-10-05 11:35:00,0.10327,0.10335,0.10221,0.10235,3325978.3,341005.679147,-0.07759694287656198
2021-10-05 11:40:00,0.10238,0.10245,0.10197,0.10223,3840893.0,392302.293822,-0.18408115192104296
2021-10-05 11:45:00,0.10224,0.10279,0.10223,0.10262,2398378.4,246051.609291,0.15875518132983574
2021-10-05 11:50:00,0.10262,0.10295,0.10255,0.10289,1348330.7,138627.336721,0.399092334474506
2021-10-05 11:55:00,0.10289,0.1029,0.10251,0.10266,840574.3,86337.243504,0.1697022057353409
2021-10-05 12:00:00,0.10277,0.103,0.10201,0.10225,1190001.5,122098.463531,-0.23728564126020887
2021-10-05 12:05:00,0.10225,0.10261,0.1021,0.10239,1247090.2,127685.363146,-0.1260539204567385
2021-10-05 12:10:00,0.10241,0.10263,0.10235,0.1025,1093825.3,112068.322109,-0.033345905648268295
2021-10-05 12:15:00,0.10252,0.10277,0.10226,0.1027,796135.4,81604.2939,0.14161272463250418
2021-10-05 12:20:00,0.10271,0.1028,0.10232,0.10233,593207.6,60845.041535,-0.218540498733499
2021-10-05 12:25:00,0.10233,0.10311,0.10233,0.10304,1211682.9,124576.146348,0.44176332782842836
2021-10-05 12:30:00,0.10304,0.10323,0.10249,0.10276,828000.4,85109.537304,0.1620323872312179
2021-10-05 12:35:00,0.10278,0.1033,0.10266,0.10316,925832.8,95367.479129,0.5420579663202792
2021-10-05 12:40:00,0.10311,0.10329,0.10298,0.10329,407018.4,41955.038148,0.6442204027460458
2021-10-05 12:45:00,0.10324,0.10429,0.10307,0.10348,2681345.6,278229.125041,0.7760327346706677
2021-10-05 12:50:00,0.10347,0.1043,0.1034,0.104,1994397.0,207505.079003,1.2032159717360187
2021-10-05 12:55:00,0.10398,0.10446,0.10334,0.10339,1690905.2,175814.319559,0.5748340050520254
2021-10-05 13:00:00,0.1035,0.107,0.10304,0.10649,15994092.1,1688687.389043,2.71838592841647
2021-10-05 13:05:00,0.10647,0.1077,0.10569,0.1058,8698478.5,928086.60547,1.8281517234074378
2021-10-05 13:10:00,0.10581,0.10691,0.10578,0.10653,3887973.2,413402.243073,2.216531097594912
2021-10-05 13:15:00,0.10655,0.107,0.10481,0.10593,7398456.4,781823.367571,1.5021592054542459
2021-10-05 13:20:00,0.1059,0.10594,0.10521,0.10525,2327394.2,245734.569245,0.9129251980749753
2021-10-05 13:25:00,0.10533,0.10733,0.10529,0.10669,6530068.2,694801.617792,1.8513219454011967
2021-10-05 13:30:00,0.10679,0.10685,0.10548,0.10591,4347244.9,460712.758505,1.0565297147450607
2021-10-05 13:35:00,0.10592,0.10634,0.10529,0.10552,2975720.5,314384.052408,0.7197668864238967
2021-10-05 13:40:00,0.10552,0.10563,0.10452,0.10472,2596154.7,272680.976692,0.09471401041505254
2021-10-05 13:45:00,0.10471,0.10569,0.10471,0.10504,2769230.3,291269.625702,0.31387724447669435
2021-10-05 13:50:00,0.10501,0.10534,0.10479,0.10502,2829038.9,297476.104591,0.2659768468121533
2021-10-05 13:55:00,0.10498,0.10538,0.10486,0.10498,1776288.4,186650.249238,0.2180494261091952
2021-10-05 14:00:00,0.10495,0.10524,0.10447,0.10462,3045534.5,319357.931942,-0.07775221816405273
2021-10-05 14:05:00,0.10459,0.10465,0.10393,0.1041,2057695.6,214616.495278,-0.4943602164431962
2021-10-05 14:10:00,0.10406,0.10422,0.10381,0.10388,1733133.2,180181.447356,-0.7094420146696319
2021-10-05 14:15:00,0.10389,0.10415,0.10309,0.10341,2938547.7,304566.595989,-1.0991986285528954
2021-10-05 14:20:00,0.10332,0.10372,0.10222,0.10273,4110153.4,422983.31825,-1.6035702921616424
2021-10-05 14:25:00,0.10271,0.10319,0.10216,0.10222,1431821.8,147061.900522,-1.9693660489410982
2021-10-05 14:30:00,0.1022,0.10279,0.10202,0.1023,2021812.6,207097.866773,-1.8709851620884284
2021-10-05 14:35:00,0.10227,0.10247,0.10025,0.10069,5175261.4,523337.168702,-2.8607666278145754
2021-10-05 14:40:00,0.1007,0.10163,0.10066,0.10155,2835077.5,286626.782186,-2.0830570617742312
2021-10-05 14:45:00,0.10154,0.10199,0.10077,0.10139,4151088.2,420871.046768,-2.0648077924391663
2021-10-05 14:50:00,0.10135,0.10187,0.10097,0.10143,1768915.1,179465.605905,-1.9507518259256846
2021-10-05 14:55:00,0.10143,0.10161,0.10126,0.10126,863946.1,87635.252409,-1.9833022820775583
2021-10-05 15:00:00,0.1013,0.10172,0.10094,0.10114,1737590.7,175958.605554,-1.9610107880743886
2021-10-05 15:05:00,0.10112,0.10177,0.10079,0.10177,2479932.3,251021.621742,-1.5012863216127257
2021-10-05 15:10:00,0.10178,0.10223,0.10141,0.10158,2982411.9,303595.909462,-1.5535672316389009
2021-10-05 15:15:00,0.10156,0.10245,0.10155,0.10231,2532882.7,258668.366507,-1.0848893536561848
2021-10-05 15:20:00,0.10232,0.10232,0.10165,0.10186,1370559.2,139688.556322,-1.3245957530882728
2021-10-05 15:25:00,0.10182,0.10188,0.10143,0.10147,732409.6,74448.155826,-1.5172819545045584
2021-10-05 15:30:00,0.10149,0.1019,0.1014,0.10151,1536201.0,156159.670833,-1.4514895063713469
2021-10-05 15:35:00,0.10154,0.10164,0.10136,0.10143,709597.9,72024.766624,-1.478816874762764
2021-10-05 15:40:00,0.10141,0.10147,0.10086,0.10105,1000541.2,101197.354182,-1.6589114973168262
2021-10-05 15:45:00,0.10095,0.10136,0.10052,0.10075,1161410.6,117101.810762,-1.760393598829065
2021-10-05 15:50:00,0.10068,0.10121,0.10059,0.1011,1349415.9,136221.589066,-1.529290843534654
2021-10-05 15:55:00,0.1011,0.10136,0.10077,0.10105,888106.0,89755.308709,-1.5116528148655624
2021-10-05 16:00:00,0.10114,0.10148,0.10073,0.10079,911807.7,92254.985572,-1.594408053671295
2021-10-05 16:05:00,0.1008,0.10123,0.10035,0.10111,3815945.8,384081.011582,-1.376626378409636
2021-10-05 16:10:00,0.10113,0.10123,0.10082,0.10106,662965.3,66993.65113,-1.3715962540896227
2021-10-05 16:15:00,0.10107,0.1012,0.10087,0.10087,347908.5,35154.855553,-1.4287109003510399
2021-10-05 16:20:00,0.10089,0.1011,0.1,0.1003,2671655.5,267962.73401,-1.6125011157880138
2021-10-05 16:25:00,0.10034,0.10054,0.1,0.10005,643222.6,64521.709517,-1.6687716767203238
2021-10-05 16:30:00,0.10005,0.10032,0.0996,0.1003,2043497.8,204281.63893,-1.5033039543994435
2021-10-05 16:35:00,0.10032,0.10057,0.10008,0.10039,616346.1,61851.525789,-1.4300006495491926
2021-10-05 16:40:00,0.10043,0.10053,0.10029,0.1005,902394.3,90613.753052,-1.3505353683279493
2021-10-05 16:45:00,0.10041,0.10078,0.10039,0.10073,653922.9,65796.551636,-1.2353957857011586
2021-10-05 16:50:00,0.10072,0.10118,0.10072,0.10081,1056680.1,106669.582304,-1.1782158942943506
2021-10-05 16:55:00,0.10077,0.10103,0.10077,0.10098,387257.3,39074.078656,-1.0967309372778593
2021-10-05 17:00:00,0.10098,0.10108,0.10067,0.10099,395516.0,39902.752939,-0.9445855391974288
2021-10-05 17:05:00,0.10095,0.1015,0.10088,0.10114,831131.6,84109.069646,-0.8010135920509986
2021-10-05 17:10:00,0.10114,0.10127,0.10099,0.10107,390969.5,39555.832095,-0.7788552772277262
2021-10-05 17:15:00,0.10098,0.10228,0.10095,0.10191,3578792.4,364783.202615,-0.34691839652572837
2021-10-05 17:20:00,0.10192,0.10214,0.10154,0.10161,727945.5,74128.153896,-0.43810306981675695
2021-10-05 17:25:00,0.10156,0.1018,0.10143,0.10167,563306.5,57262.143395,-0.29943988243722447
2021-10-05 17:30:00,0.10167,0.10177,0.10124,0.10128,1021899.7,103611.109462,-0.3796289137542393
2021-10-05 17:35:00,0.10127,0.10146,0.10122,0.10131,493208.4,49956.251961,-0.3187314848781059
2021-10-05 17:40:00,0.1013,0.10166,0.10108,0.10127,1003196.3,101782.708253,-0.2971921108107628
2021-10-05 17:45:00,0.10117,0.10143,0.10116,0.10119,555393.4,56247.93717,-0.28460785390372917
2021-10-05 17:50:00,0.10116,0.10163,0.10116,0.10154,175811.2,17848.288626,-0.09899060553006014
2021-10-05 17:55:00,0.10154,0.10172,0.10142,0.10149,421551.7,42825.205393,-0.08831953553760791
2021-10-05 18:00:00,0.10157,0.10193,0.10157,0.1018,644639.6,65581.745959,0.08331591955201197
2021-10-05 18:05:00,0.10176,0.1018,0.10133,0.10149,325263.0,33015.913567,-0.011269350342926246
2021-10-05 18:10:00,0.10151,0.10174,0.10134,0.10146,391767.9,39791.126991,0.0002185844059754739
2021-10-05 18:15:00,0.10149,0.10175,0.10146,0.10174,184800.8,18776.38454,0.1461914888989284
2021-10-05 18:20:00,0.1017,0.10175,0.10151,0.10163,378538.0,38476.28869,0.13746425218023264
2021-10-05 18:25:00,0.1016,0.102,0.10127,0.10133,1153620.3,117201.435201,0.025019416318461336
2021-10-05 18:30:00,0.10131,0.10174,0.10119,0.10138,2148263.4,217822.569354,0.057751053934766795
