,id,symbol,type,interval,amount,startDate,endDate,buy,sell,growth/drop,closed,status,15,30,45,60,vwap20,BTC,RSI,V-B,V-BTC,V-C,Volume,coin,coin-6h,high,low,sell_zscore
0,c8bfd132-942a-11ec-a47c-f4d1080d95a2,MKRUSDT,rsi,15m,500,2022-02-22 22:00:00,2022-02-22 22:45:00,1785.0,1772.0,-0.7282913165266106,True,True,-0.5602240896358543,-0.6722689075630253,-0.7282913165266106,,1.0623427979916764,-0.31104786245354465,0.0,3.6843546421422957,5.1885,31.970704442517107,5.1885,-0.05602240896358543,-0.501964346062866,1788.0,1768.0,0.0
1,c8c34feb-942a-11ec-a169-f4d1080d95a2,CHESSUSDT,rsi,15m,500,2022-02-22 22:00:00,2022-02-22 22:45:00,0.832,0.829,-0.3605769230769234,True,True,-0.2403846153846156,-0.3605769230769234,-0.3605769230769234,,0.14797558184907372,-0.31104786245354465,0.0,3.6843546421422957,31079.6,30.13745350648013,31079.6,-0.3605769230769234,-0.501964346062866,0.834,0.828,0.0
2,c8ca28fd-942a-11ec-902f-f4d1080d95a2,SOLUSDT,rsi,15m,500,2022-02-22 22:00:00,2022-02-22 22:45:00,85.29,85.05,-0.2813928948294162,True,True,-0.4572634540977847,-0.29311759878063076,-0.2813928948294162,,0.0656219038967681,-0.31104786245354465,0.0,3.6843546421422957,10754.37,31.84984336599913,10754.37,-0.21104467112204547,-0.501964346062866,85.61,84.78,0.0
3,c8d0666d-942a-11ec-af10-f4d1080d95a2,VETUSDT,rsi,15m,500,2022-02-22 22:00:00,2022-02-22 22:45:00,0.04628,0.04626,-0.04321521175453584,True,True,0.0,-0.06482281763181125,-0.04321521175453584,,0.4974480880876969,-0.31104786245354465,0.0,3.6843546421422957,8295621.7,57.85630147527099,8295621.7,-0.08643042350907168,-0.501964346062866,0.04645,0.04613,0.0
4,c8f98d89-942a-11ec-8391-f4d1080d95a2,SANDUSDT,rsi,15m,500,2022-02-22 22:00:00,2022-02-22 22:45:00,3.1006,3.0685,-1.0352834935173914,True,True,-1.086886409082115,-1.0127072179578176,-1.0352834935173914,,0.7316428377136224,-0.31104786245354465,0.0,3.6843546421422957,352880.0,6.801178871004307,352880.0,0.33541895117074716,-0.501964346062866,3.1048,3.0546,0.0
5,c918ef36-942a-11ec-a6d0-f4d1080d95a2,FORTHUSDT,rsi,15m,500,2022-02-22 22:00:00,2022-02-22 22:00:00,7.32,7.36,0.5464480874316944,True,True,,,,,-1.9806898076069723,-0.31104786245354465,0.0,3.6843546421422957,238959.23,69.3493279167329,238959.23,1.2295081967213095,-0.501964346062866,7.36,7.32,0.0
6,c92032dd-942a-11ec-ae16-f4d1080d95a2,WINUSDT,rsi,15m,500,2022-02-22 22:00:00,2022-02-22 22:45:00,0.0002755,0.0002747,-0.29038112522684767,True,True,-0.1814882032667724,-0.2540834845734892,-0.29038112522684767,,0.8315690752503753,-0.31104786245354465,0.0,3.6843546421422957,376251943.0,12.75209520977809,376251943.0,-0.10889292196007525,-0.501964346062866,0.000276,0.0002744,0.0
7,c92b0023-942a-11ec-af96-f4d1080d95a2,ENJUSDT,rsi,15m,500,2022-02-22 22:00:00,2022-02-22 22:45:00,1.442,1.432,-0.6934812760055485,True,True,-0.9015256588072054,-0.5547850208044388,-0.6934812760055485,,1.3398624180610992,-0.31104786245354465,0.0,3.6843546421422957,104783.2,-21.47357591675001,104783.2,-0.1386962552011097,-0.501964346062866,1.445,1.427,0.0
8,c9491d22-942a-11ec-80ec-f4d1080d95a2,BNBUSDT,rsi,15m,500,2022-02-22 22:00:00,2022-02-22 22:45:00,371.4,371.0,-0.10770059235325183,True,True,-0.3500269251480761,-0.10770059235325183,-0.10770059235325183,,0.8461855905330353,-0.31104786245354465,0.0,3.6843546421422957,2992.166,-17.364711717197498,2992.166,-0.10770059235326714,-0.501964346062866,372.6,369.6,0.0
9,c9586140-942a-11ec-90f0-f4d1080d95a2,QIUSDT,rsi,15m,500,2022-02-22 22:00:00,2022-02-22 22:00:00,0.0533,0.0536,0.5628517823639806,True,True,,,,,0.021376519368632413,-0.31104786245354465,0.0,3.6843546421422957,427824.0,16.749177231758853,427824.0,-0.5628517823639806,-0.501964346062866,0.0536,0.0533,0.0
10,c95d4059-942a-11ec-855b-f4d1080d95a2,SNXUSDT,rsi,15m,500,2022-02-22 22:00:00,2022-02-22 22:45:00,3.935,3.903,-0.8132147395171544,True,True,-0.762388818297338,-0.8132147395171544,-0.8132147395171544,,1.014751201302549,-0.31104786245354465,0.0,3.6843546421422957,17586.2,-29.942227428324486,17586.2,0.0,-0.501964346062866,3.937,3.892,0.0
11,c9ed0c8b-942a-11ec-96ba-f4d1080d95a2,MDXUSDT,rsi,15m,500,2022-02-22 22:00:00,2022-02-22 22:45:00,0.232,0.232,0.0,True,True,0.0,0.0,0.0,,1.1261292145067314,-0.31104786245354465,0.0,3.6843546421422957,43857.4,13.946335168067417,43857.4,0.0,-0.501964346062866,0.232,0.23,0.0
12,c9f3bebc-942a-11ec-93f2-f4d1080d95a2,DARUSDT,rsi,15m,500,2022-02-22 22:00:00,2022-02-22 22:45:00,0.74222,0.73996,-0.3044919296165611,True,True,-0.32739618980895735,-0.3044919296165611,-0.3044919296165611,,0.5056060600607597,-0.31104786245354465,0.0,3.6843546421422957,78362.0,57.95155815318649,78362.0,-0.06871278057718877,-0.501964346062866,0.74426,0.73979,0.0
13,c9f7b3c3-942a-11ec-8457-f4d1080d95a2,SKLUSDT,rsi,15m,500,2022-02-22 22:00:00,2022-02-22 22:00:00,0.1296,0.1303,0.5401234567901283,True,True,,,,,1.4699632443649495,-0.31104786245354465,0.0,3.6843546421422957,80428.0,-149.967672949719,80428.0,0.077160493827152,-0.501964346062866,0.1303,0.1294,0.0
14,c9fcc133-942a-11ec-bba4-f4d1080d95a2,BLZUSDT,rsi,15m,500,2022-02-22 22:00:00,2022-02-22 22:45:00,0.1694,0.1687,-0.41322314049587144,True,True,-0.4722550177095603,-0.41322314049587144,-0.41322314049587144,,0.12294667497884393,-0.31104786245354465,0.0,3.6843546421422957,177131.0,11.8516803947361,177131.0,0.059031877213688896,-0.501964346062866,0.1697,0.1682,0.0
15,ca20ef5d-942a-11ec-81f5-f4d1080d95a2,XRPUSDT,rsi,15m,500,2022-02-22 22:00:00,2022-02-22 22:45:00,0.7084,0.7078,-0.08469791078487364,True,True,-0.11293054771315963,-0.07058159232073065,-0.08469791078487364,,0.8887580431300606,-0.31104786245354465,0.0,3.6843546421422957,2625008.0,3.2304663452454236,2625008.0,-0.12704686617730265,-0.501964346062866,0.7104,0.7057,0.0
16,ca84aba1-942a-11ec-8ca0-f4d1080d95a2,DENTUSDT,rsi,15m,500,2022-02-22 22:00:00,2022-02-22 22:45:00,0.002353,0.002355,0.08499787505311653,True,True,0.0,0.21249468763280052,0.08499787505311653,,0.5669707414748462,-0.31104786245354465,0.0,3.6843546421422957,24503923.0,38.58323012196863,24503923.0,-0.21249468763280052,-0.501964346062866,0.002362,0.002343,0.0
17,ca91c370-942a-11ec-9ae5-f4d1080d95a2,BATUSDT,rsi,15m,500,2022-02-22 22:00:00,2022-02-22 22:45:00,0.6715,0.6683,-0.47654504839910355,True,True,-0.20848845867460267,-0.47654504839910355,-0.47654504839910355,,0.4297871811297564,-0.31104786245354465,0.0,3.6843546421422957,104610.0,43.45473664085652,104610.0,0.014892032762470439,-0.501964346062866,0.6739,0.6667,0.0
18,ca9b0a84-942a-11ec-8366-f4d1080d95a2,ATOMUSDT,rsi,15m,500,2022-02-22 22:00:00,2022-02-22 22:45:00,24.43,24.3,-0.5321326238231642,True,True,-0.7777322963569434,-0.5321326238231642,-0.5321326238231642,,0.5101732936435364,-0.31104786245354465,0.0,3.6843546421422957,28304.73,58.78381457798749,28304.73,-0.28653295128939943,-0.501964346062866,24.47,24.14,0.0
19,ca9fc41f-942a-11ec-92bb-f4d1080d95a2,LINKUSDT,rsi,15m,500,2022-02-22 22:00:00,2022-02-22 22:45:00,13.95,13.9,-0.35842293906809275,True,True,-0.5017921146953298,-0.35842293906809275,-0.35842293906809275,,0.08741159276330958,-0.31104786245354465,0.0,3.6843546421422957,56226.83,-14.386797192728093,56226.83,-0.14336917562724982,-0.501964346062866,13.99,13.86,0.0
20,caa47c12-942a-11ec-8e5c-f4d1080d95a2,EOSUSDT,rsi,15m,500,2022-02-22 22:00:00,2022-02-22 22:45:00,2.142,2.138,-0.18674136321195162,True,True,-0.1400560224089689,-0.23342670401493437,-0.18674136321195162,,0.32332848662492075,-0.31104786245354465,0.0,3.6843546421422957,39320.3,49.78624272958243,39320.3,0.0,-0.501964346062866,2.15,2.136,0.0
21,cab33f05-942a-11ec-9faf-f4d1080d95a2,DYDXUSDT,rsi,15m,500,2022-02-22 22:00:00,2022-02-22 22:45:00,5.527,5.518,-0.16283698208793815,True,True,-0.23520897412701103,-0.1809299800976983,-0.16283698208793815,,0.5111329034855507,-0.31104786245354465,0.0,3.6843546421422957,13376.24,13.760369132132787,13376.24,-0.10855798805862542,-0.501964346062866,5.546,5.48,0.0
22,cb1e92b5-942a-11ec-ba9d-f4d1080d95a2,WRXUSDT,rsi,15m,500,2022-02-22 22:00:00,2022-02-22 22:45:00,0.591,0.588,-0.5076142131979701,True,True,0.16920473773265668,-0.5076142131979701,-0.5076142131979701,,0.8315853882570917,-0.31104786245354465,0.0,3.6843546421422957,34890.2,-19.833649563487743,34890.2,-0.16920473773265668,-0.501964346062866,0.593,0.587,0.0
23,cb21ec11-942a-11ec-a67d-f4d1080d95a2,JSTUSDT,rsi,15m,500,2022-02-22 22:00:00,2022-02-22 22:45:00,0.04552,0.04521,-0.6810193321616823,True,True,-0.505272407732867,-0.7469244288224957,-0.6810193321616823,,0.6849491177618168,-0.31104786245354465,0.0,3.6843546421422957,1088481.6,-229.70908281775274,1088481.6,0.0,-0.501964346062866,0.04554,0.04513,0.0
24,cb2e18b3-942a-11ec-8169-f4d1080d95a2,YFIIUSDT,rsi,15m,500,2022-02-22 22:00:00,2022-02-22 22:00:00,1868.0,1879.0,0.588865096359743,True,True,,,,,-0.04449046759443781,-0.31104786245354465,0.0,3.6843546421422957,4.6403,85.94056418766027,4.6403,-0.4282655246252677,-0.501964346062866,1879.0,1868.0,0.0
25,cbb9c46a-942a-11ec-b7c3-f4d1080d95a2,ETCUSDT,rsi,15m,500,2022-02-22 22:00:00,2022-02-22 22:45:00,26.3,26.19,-0.41825095057034,True,True,-0.5323193916349831,-0.41825095057034,-0.41825095057034,,0.5113664835442511,-0.31104786245354465,0.0,3.6843546421422957,3146.45,25.807497338270114,3146.45,-0.07604562737642423,-0.501964346062866,26.33,26.13,0.0
26,cbca5978-942a-11ec-9f70-f4d1080d95a2,XTZUSDT,rsi,15m,500,2022-02-22 22:00:00,2022-02-22 22:45:00,3.009,2.99,-0.6314390162844694,True,True,-0.43203722166832503,-0.5649717514124262,-0.6314390162844694,,0.3400787937376909,-0.31104786245354465,0.0,3.6843546421422957,50866.2,56.938595766933645,50866.2,-0.23263542705218068,-0.501964346062866,3.016,2.984,0.0
27,cbcf5f40-942a-11ec-a383-f4d1080d95a2,TLMUSDT,rsi,15m,500,2022-02-22 22:00:00,2022-02-22 22:45:00,0.1059,0.1052,-0.661000944287056,True,True,-0.849858356940508,-0.661000944287056,-0.661000944287056,,0.64699286138832,-0.31104786245354465,0.0,3.6843546421422957,694283.0,-45.308613346430775,694283.0,-0.37771482530690415,-0.501964346062866,0.106,0.1047,0.0
28,cc91b46d-942a-11ec-9fb5-f4d1080d95a2,RSRUSDT,rsi,15m,500,2022-02-22 22:00:00,2022-02-22 22:45:00,0.01376,0.01371,-0.36337209302325363,True,True,-0.2180232558139572,-0.43604651162790187,-0.36337209302325363,,0.6867325101734144,-0.31104786245354465,0.0,3.6843546421422957,965090.6,-54.27418938698605,965090.6,-0.14534883720930902,-0.501964346062866,0.01381,0.01362,0.0
29,cd44c29d-942a-11ec-aa47-f4d1080d95a2,WAXPUSDT,rsi,15m,500,2022-02-22 22:00:00,2022-02-22 22:45:00,0.2757,0.2758,0.036271309394265136,True,True,0.1450852375770807,0.036271309394265136,0.036271309394265136,,0.36272116613727895,-0.31104786245354465,0.0,3.6843546421422957,400135.0,80.21617704024891,400135.0,0.2901704751541614,-0.501964346062866,0.2762,0.2751,0.0
30,cd86c7ba-942a-11ec-b094-f4d1080d95a2,LTOUSDT,rsi,15m,500,2022-02-22 22:00:00,2022-02-22 22:00:00,0.183,0.184,0.5464480874316945,True,True,,,,,0.5828954040672583,-0.31104786245354465,0.0,3.6843546421422957,88726.0,52.40741158172351,88726.0,-0.27322404371584724,-0.501964346062866,0.184,0.1827,0.0
31,cd8d52f6-942a-11ec-8c87-f4d1080d95a2,COTIUSDT,rsi,15m,500,2022-02-22 22:00:00,2022-02-22 22:45:00,0.2115,0.2109,-0.2836879432624064,True,True,-0.1891252955082665,-0.2836879432624064,-0.2836879432624064,,0.4889837620083264,-0.31104786245354465,0.0,3.6843546421422957,105214.0,31.029140608664246,105214.0,-0.2836879432624195,-0.501964346062866,0.2121,0.2103,0.0
32,cd934384-942a-11ec-8728-f4d1080d95a2,MBOXUSDT,rsi,15m,500,2022-02-22 22:00:00,2022-02-22 22:00:00,2.702,2.718,0.5921539600296082,True,True,,,,,0.49299373928806967,-0.31104786245354465,0.0,3.6843546421422957,16190.6,22.668709003989974,16190.6,-0.3330866025166505,-0.501964346062866,2.718,2.696,0.0
33,cd9cffa3-942a-11ec-b3f5-f4d1080d95a2,CITYUSDT,rsi,15m,500,2022-02-22 22:00:00,2022-02-22 22:45:00,9.42,9.37,-0.5307855626327039,True,True,0.10615711252653702,-0.5307855626327039,-0.5307855626327039,,0.4815070906733097,-0.31104786245354465,0.0,3.6843546421422957,291.28,44.37997802801428,291.28,0.21231422505307404,-0.501964346062866,9.43,9.37,0.0
34,cda55e55-942a-11ec-b3bf-f4d1080d95a2,BELUSDT,rsi,15m,500,2022-02-22 22:00:00,2022-02-22 22:45:00,0.779,0.776,-0.38510911424903754,True,True,-0.25673940949935836,-0.38510911424903754,-0.38510911424903754,,0.36550670172578087,-0.31104786245354465,0.0,3.6843546421422957,10026.6,-104.24770111503399,10026.6,-0.12836970474967918,-0.501964346062866,0.781,0.772,0.0
35,cdb53366-942a-11ec-9fe9-f4d1080d95a2,WNXMUSDT,rsi,15m,500,2022-02-22 22:00:00,2022-02-22 22:00:00,28.19,28.34,0.532103582830786,True,True,,,,,1.0359073656057012,-0.31104786245354465,0.0,3.6843546421422957,180.1,-291.0216546363132,180.1,-0.3192621496984741,-0.501964346062866,28.34,28.15,0.0
36,cdba5eab-942a-11ec-83e9-f4d1080d95a2,BCHUSDT,rsi,15m,500,2022-02-22 22:00:00,2022-02-22 22:45:00,290.2,290.3,0.034458993797388954,True,True,-0.13783597518951662,0.06891798759475831,0.034458993797388954,,0.2217323066521203,-0.31104786245354465,0.0,3.6843546421422957,269.33,4.224928526343135,269.33,-0.034458993797388954,-0.501964346062866,291.0,289.4,0.0
37,cdbf8b41-942a-11ec-90be-f4d1080d95a2,AKROUSDT,rsi,15m,500,2022-02-22 22:00:00,2022-02-22 22:45:00,0.01157,0.01152,-0.4321521175453733,True,True,-0.17286084701815832,-0.4321521175453733,-0.4321521175453733,,0.10670821007697656,-0.31104786245354465,0.0,3.6843546421422957,600920.0,-213.07561738667377,600920.0,-0.259291270527215,-0.501964346062866,0.0116,0.01147,0.0
38,cdcdb256-942a-11ec-9e09-f4d1080d95a2,SCUSDT,rsi,15m,500,2022-02-22 22:00:00,2022-02-22 22:45:00,0.00865,0.00862,-0.34682080924856085,True,True,-0.11560693641618028,-0.34682080924856085,-0.34682080924856085,,0.3754674621239572,-0.31104786245354465,0.0,3.6843546421422957,1706829.0,-40.363973192393615,1706829.0,-0.2312138728323806,-0.501964346062866,0.00868,0.00861,0.0
39,cde5bda9-942a-11ec-ade9-f4d1080d95a2,ZRXUSDT,rsi,15m,500,2022-02-22 22:00:00,2022-02-22 22:45:00,0.5322,0.5313,-0.16910935738444416,True,True,-0.056369785794807774,-0.16910935738444416,-0.16910935738444416,,0.6331584142891591,-0.31104786245354465,0.0,3.6843546421422957,28200.0,67.65602836879432,28200.0,-0.07515971439307703,-0.501964346062866,0.5347,0.5304,0.0
40,cdf40d1e-942a-11ec-b874-f4d1080d95a2,IOSTUSDT,rsi,15m,500,2022-02-22 22:00:00,2022-02-22 22:45:00,0.02258,0.02249,-0.3985828166519035,True,True,-0.3985828166519035,-0.3985828166519035,-0.3985828166519035,,0.5300052468875257,-0.31104786245354465,0.0,3.6843546421422957,620518.0,-39.08492582004068,620518.0,-0.26572187776794076,-0.501964346062866,0.02264,0.0224,0.0
41,cdf95f70-942a-11ec-92c0-f4d1080d95a2,BAKEUSDT,rsi,15m,500,2022-02-22 22:00:00,2022-02-22 22:45:00,0.539,0.538,-0.18552875695732854,True,True,-0.3710575139146571,-0.18552875695732854,-0.18552875695732854,,0.48423977523100165,-0.31104786245354465,0.0,3.6843546421422957,57714.7,30.98413402478051,57714.7,-0.3710575139146571,-0.501964346062866,0.541,0.536,0.0
42,ce087038-942a-11ec-8405-f4d1080d95a2,XECUSDT,rsi,15m,500,2022-02-22 22:00:00,2022-02-22 22:45:00,7.1e-05,7.073e-05,-0.3802816901408581,True,True,-0.21126760563380795,-0.4225352112676159,-0.3802816901408581,,0.5368995926048867,-0.31104786245354465,0.0,3.6843546421422957,117074971.0,-37.017866098809456,117074971.0,0.0,-0.501964346062866,7.131e-05,7.053e-05,0.0
43,ce133e46-942a-11ec-9db1-f4d1080d95a2,KLAYUSDT,rsi,15m,500,2022-02-22 22:00:00,2022-02-22 22:45:00,1.23,1.23,0.0,True,True,0.40650406504065983,0.0,0.0,,0.1405459731954344,-0.31104786245354465,0.0,3.6843546421422957,41977.6,-85.2785771459064,41977.6,-0.24390243902439948,-0.501964346062866,1.236,1.225,0.0
44,ce1b286e-942a-11ec-a53d-f4d1080d95a2,REPUSDT,rsi,15m,500,2022-02-22 22:00:00,2022-02-22 22:30:00,13.89,13.96,0.503959683225344,True,True,0.4319654427645696,0.503959683225344,,,0.514201203715585,-0.31104786245354465,0.0,3.6843546421422957,251.73,75.8908354189012,251.73,0.143988480921536,-0.501964346062866,13.96,13.81,0.0
45,ce21b347-942a-11ec-bc38-f4d1080d95a2,ATAUSDT,rsi,15m,500,2022-02-22 22:00:00,2022-02-22 22:45:00,0.3718,0.3702,-0.4303388918773657,True,True,-0.37654653039268754,-0.4303388918773657,-0.4303388918773657,,-0.048018904806785924,-0.31104786245354465,0.0,3.6843546421422957,23923.0,-20.23575638506876,23923.0,-0.3765465303926726,-0.501964346062866,0.3734,0.3697,0.0
46,ce2a8819-942a-11ec-bc06-f4d1080d95a2,MBLUSDT,rsi,15m,500,2022-02-22 22:00:00,2022-02-22 22:15:00,0.005389,0.005416,0.5010205975134555,True,True,0.5010205975134555,,,,0.19687627119378442,-0.31104786245354465,0.0,3.6843546421422957,123200.0,-29.04220779220779,123200.0,-0.22267582111710382,-0.501964346062866,0.005416,0.005385,0.0
47,ce32979b-942a-11ec-bbcb-f4d1080d95a2,DEGOUSDT,rsi,15m,500,2022-02-22 22:00:00,2022-02-22 22:00:00,2.87,2.89,0.6968641114982584,True,True,,,,,1.6332223660183145,-0.31104786245354465,0.0,3.6843546421422957,7186.15,74.24253598936843,7186.15,0.6968641114982584,-0.501964346062866,2.89,2.87,0.0
48,ce379e83-942a-11ec-93d0-f4d1080d95a2,REEFUSDT,rsi,15m,500,2022-02-22 22:00:00,2022-02-22 22:00:00,0.00962,0.00967,0.5197505197505166,True,True,,,,,0.4877368988453372,-0.31104786245354465,0.0,3.6843546421422957,911702.0,8.116029141100931,911702.0,0.0,-0.501964346062866,0.00967,0.0096,0.0
49,ce48a899-942a-11ec-bd61-f4d1080d95a2,STMXUSDT,rsi,15m,500,2022-02-22 22:00:00,2022-02-22 22:45:00,0.01246,0.01238,-0.642054574638846,True,True,-0.2407704654895707,-0.642054574638846,-0.642054574638846,,0.04251077397428982,-0.31104786245354465,0.0,3.6843546421422957,599921.0,-90.0198526139275,599921.0,-0.08025682182985226,-0.501964346062866,0.0125,0.01236,0.0
50,ce4f0e12-942a-11ec-9392-f4d1080d95a2,FARMUSDT,rsi,15m,500,2022-02-22 22:00:00,2022-02-22 22:45:00,92.9,92.7,-0.21528525296017528,True,True,0.0,-0.21528525296017528,-0.21528525296017528,,0.5870507266286689,-0.31104786245354465,0.0,3.6843546421422957,56.806,-275.8264972009999,56.806,0.21528525296017528,-0.501964346062866,93.3,92.4,0.0
51,ce579363-942a-11ec-bc9b-f4d1080d95a2,POWRUSDT,rsi,15m,500,2022-02-22 22:00:00,2022-02-22 22:00:00,0.4817,0.4842,0.5189952252439282,True,True,,,,,0.516556788850728,-0.31104786245354465,0.0,3.6843546421422957,31663.0,70.71029277074187,31663.0,0.24911770811709244,-0.501964346062866,0.4842,0.4816,0.0
52,ce6481fa-942a-11ec-ad72-f4d1080d95a2,SXPUSDT,rsi,15m,500,2022-02-22 22:00:00,2022-02-22 22:45:00,1.2,1.205,0.4166666666666763,True,True,0.2500000000000095,0.33333333333333365,0.4166666666666763,,0.5810314083960674,-0.31104786245354465,0.0,3.6843546421422957,17967.8,-28.23105778114182,17967.8,0.0,-0.501964346062866,1.205,1.198,0.0
53,ce6ba908-942a-11ec-a998-f4d1080d95a2,C98USDT,rsi,15m,500,2022-02-22 22:00:00,2022-02-22 22:45:00,1.355,1.35,-0.3690036900368925,True,True,-0.22140221402213223,-0.3690036900368925,-0.3690036900368925,,0.47187200864879253,-0.31104786245354465,0.0,3.6843546421422957,10124.3,-65.97987021324931,10124.3,-0.22140221402214863,-0.501964346062866,1.36,1.345,0.0
54,ce7b55ba-942a-11ec-a3b0-f4d1080d95a2,PSGUSDT,rsi,15m,500,2022-02-22 22:00:00,2022-02-22 22:45:00,14.37,14.38,0.0695894224078049,True,True,-0.27835768963117014,0.0695894224078049,0.0695894224078049,,0.06995867980113028,-0.31104786245354465,0.0,3.6843546421422957,357.86,53.428715139998886,357.86,0.06958942240779253,-0.501964346062866,14.39,14.31,0.0
55,ce800d5d-942a-11ec-bf65-f4d1080d95a2,STRAXUSDT,rsi,15m,500,2022-02-22 22:00:00,2022-02-22 22:45:00,0.931,0.931,0.0,True,True,-0.10741138560687441,0.0,0.0,,0.4361937385478749,-0.31104786245354465,0.0,3.6843546421422957,3907.5,-158.61036468330136,3907.5,0.0,-0.501964346062866,0.934,0.926,0.0
56,ce91b5d7-942a-11ec-b8d1-f4d1080d95a2,BTCSTUSDT,rsi,15m,500,2022-02-22 22:00:00,2022-02-22 22:45:00,14.37,14.36,-0.06958942240779253,True,True,0.0,-0.06958942240779253,-0.06958942240779253,,0.038321287957124646,-0.31104786245354465,0.0,3.6843546421422957,507.46,79.75801048358491,507.46,-0.0695894224078049,-0.501964346062866,14.42,14.33,0.0
57,ce966c40-942a-11ec-903b-f4d1080d95a2,MLNUSDT,rsi,15m,500,2022-02-22 22:00:00,2022-02-22 22:45:00,53.9,53.5,-0.7421150278293109,True,True,-0.55658627087198,-0.927643784786642,-0.7421150278293109,,1.1389683681646317,-0.31104786245354465,0.0,3.6843546421422957,9.292,80.87602238484718,9.292,0.18552875695733104,-0.501964346062866,53.9,53.4,0.0
58,ce9a3bb1-942a-11ec-a459-f4d1080d95a2,HIVEUSDT,rsi,15m,500,2022-02-22 22:00:00,2022-02-22 22:45:00,0.8255,0.8207,-0.5814657783161753,True,True,0.13325257419745487,-0.5814657783161753,-0.5814657783161753,,1.0751867785640479,-0.31104786245354465,0.0,3.6843546421422957,13737.0,78.11021329256752,13737.0,0.036341611144756744,-0.501964346062866,0.8291,0.8201,0.0
59,ce9e083b-942a-11ec-aec6-f4d1080d95a2,CAKEUSDT,rsi,15m,500,2022-02-22 22:00:00,2022-02-22 22:45:00,7.15,7.14,-0.13986013986014928,True,True,-0.2797202797202862,-0.13986013986014928,-0.13986013986014928,,1.4661083110748439,-0.31104786245354465,0.0,3.6843546421422957,8526.17,2.7539915342996855,8526.17,-0.13986013986013687,-0.501964346062866,7.17,7.12,0.0
60,ceaf05b9-942a-11ec-b6fd-f4d1080d95a2,SUSHIUSDT,rsi,15m,500,2022-02-22 22:00:00,2022-02-22 22:00:00,3.329,3.347,0.5407029137879181,True,True,,,,,0.383541398890048,-0.31104786245354465,0.0,3.6843546421422957,18846.3,47.69477297931159,18846.3,-0.1201562030639833,-0.501964346062866,3.347,3.327,0.0
61,ceb7b271-942a-11ec-8dc0-f4d1080d95a2,XVGUSDT,rsi,15m,500,2022-02-22 22:00:00,2022-02-22 22:45:00,0.0094,0.00941,0.10638297872339993,True,True,0.10638297872339993,0.10638297872339993,0.10638297872339993,,-0.10126581411680771,-0.31104786245354465,0.0,3.6843546421422957,3725962.0,33.49390036720718,3725962.0,0.0,-0.501964346062866,0.00942,0.00937,0.0
62,e15bbca7-942c-11ec-81d2-f4d1080d95a2,HBARUSDT,rsi,15m,500,2022-02-22 22:15:00,2022-02-22 22:15:00,0.2325,0.2337,0.5161290322580554,True,True,,,,,0.7515973796643434,0.0983844378503209,0.0,-86.70647357393331,1071986.0,-113.00931168877206,1071986.0,0.3440860215053862,-0.4446818331684708,0.2337,0.2317,0.0
63,e16c51ca-942c-11ec-bb70-f4d1080d95a2,ETHUSDT,rsi,15m,500,2022-02-22 22:15:00,2022-02-22 23:00:00,2605.1,2604.45,-0.024951057540980807,True,True,-0.08368200836819456,-0.026870369659507048,-0.024951057540980807,,-0.09676152692754533,0.0983844378503209,0.0,-86.70647357393331,1378.0734,-51.61211296872866,1378.0734,-0.04951825265824589,-0.4446818331684708,2609.84,2592.0,0.0
64,e172b76b-942c-11ec-829d-f4d1080d95a2,MANAUSDT,rsi,15m,500,2022-02-22 22:15:00,2022-02-22 23:00:00,2.5561,2.5596,0.13692735026017297,True,True,-0.4225186808027737,0.1330151402527315,0.13692735026017297,,0.34525192793908627,0.0983844378503209,0.0,-86.70647357393331,232538.0,0.9469420051776484,232538.0,-0.0704197801338072,-0.4446818331684708,2.5596,2.5283,0.0
65,e1fabc48-942c-11ec-9fef-f4d1080d95a2,IDEXUSDT,rsi,15m,500,2022-02-22 22:15:00,2022-02-22 23:00:00,0.16105,0.16075,-0.18627755355479336,True,True,-0.29183483390251364,-0.20490530891027442,-0.18627755355479336,,0.3384471420115226,0.0983844378503209,0.0,-86.70647357393331,96748.8,-67.2621262485943,96748.8,0.10555728034772026,-0.4446818331684708,0.16113,0.1601,0.0
66,e2034210-942c-11ec-b5e0-f4d1080d95a2,AXSUSDT,rsi,15m,500,2022-02-22 22:15:00,2022-02-22 23:00:00,50.7,50.54,-0.3155818540433998,True,True,-0.9467455621301853,-0.3944773175542462,-0.3155818540433998,,2.6621252564528923,0.0983844378503209,0.0,-86.70647357393331,5388.57,-49.20693245146672,5388.57,0.1380670611439848,-0.4446818331684708,50.77,50.02,0.0
67,e2981d91-942c-11ec-9c3b-f4d1080d95a2,ENSUSDT,rsi,15m,500,2022-02-22 22:15:00,2022-02-22 23:00:00,14.59,14.6,0.06854009595613288,True,True,0.06854009595613288,0.0,0.06854009595613288,,0.7759237821464533,0.0983844378503209,0.0,-86.70647357393331,1841.82,26.347308640366595,1841.82,-0.20562028786839862,-0.4446818331684708,14.64,14.54,0.0
68,e327d80a-942c-11ec-8d66-f4d1080d95a2,RUNEUSDT,rsi,15m,500,2022-02-22 22:15:00,2022-02-22 23:00:00,3.593,3.595,0.055663790704153185,True,True,-0.2504870581686584,-0.027831895352070413,0.055663790704153185,,0.3240557539152447,0.0983844378503209,0.0,-86.70647357393331,10595.7,46.43109940825052,10595.7,0.111327581408294,-0.4446818331684708,3.6,3.575,0.0
69,e32b3289-942c-11ec-a366-f4d1080d95a2,CELRUSDT,rsi,15m,500,2022-02-22 22:15:00,2022-02-22 23:00:00,0.03803,0.03797,-0.15777018143572047,True,True,-0.3944254535892829,-0.18406521167499504,-0.15777018143572047,,0.3199840660563915,0.0983844378503209,0.0,-86.70647357393331,725579.7,-27.093384779094578,725579.7,0.07888509071786023,-0.4446818331684708,0.03807,0.03774,0.0
70,e331e344-942c-11ec-80c2-f4d1080d95a2,FETUSDT,rsi,15m,500,2022-02-22 22:15:00,2022-02-22 23:00:00,0.289,0.2878,-0.41522491349480245,True,True,-0.17301038062283752,-0.3114186851210922,-0.41522491349480245,,2.1243069225558284,0.0983844378503209,0.0,-86.70647357393331,80199.0,-858.3747927031508,80199.0,-0.13840830449827385,-0.4446818331684708,0.2891,0.2876,0.0
71,e3c1df50-942c-11ec-89da-f4d1080d95a2,GTCUSDT,rsi,15m,500,2022-02-22 22:15:00,2022-02-22 23:00:00,6.164,6.149,-0.24334847501621806,True,True,-0.4218040233614504,-0.584036340038929,-0.24334847501621806,,0.634115298740573,0.0983844378503209,0.0,-86.70647357393331,2252.0,33.26376554174067,2252.0,0.08111615833873935,-0.4446818331684708,6.171,6.123,0.0
72,e922bba1-942c-11ec-b8b0-f4d1080d95a2,QTUMUSDT,rsi,15m,500,2022-02-22 22:15:00,2022-02-22 23:00:00,5.937,5.928,-0.15159171298636248,True,True,-0.5895233282802786,-0.28633990230756856,-0.15159171298636248,,0.08657514667823,0.0983844378503209,0.0,-86.70647357393331,8849.8,69.41399805645325,8849.8,-0.11790466565604973,-0.4446818331684708,5.937,5.887,0.0
73,e962fad3-942c-11ec-892e-f4d1080d95a2,VIDTUSDT,rsi,15m,500,2022-02-22 22:15:00,2022-02-22 22:15:00,0.4135,0.4157,0.5320435308343496,True,True,,,,,-0.20075847707074318,0.0983844378503209,0.0,-86.70647357393331,55873.3,-178.50368601818758,55873.3,0.07255139056831124,-0.4446818331684708,0.4157,0.4065,0.0
74,ea54f52a-942c-11ec-a744-f4d1080d95a2,LTOUSDT,rsi,15m,500,2022-02-22 22:15:00,2022-02-22 22:45:00,0.183,0.1846,0.8743169398907051,True,True,0.27322404371584724,0.8743169398907051,,,0.5450406214235789,0.0983844378503209,0.0,-86.70647357393331,39260.0,-125.99592460519614,39260.0,0.0,-0.4446818331684708,0.1846,0.1826,0.0
75,ea5a6f38-942c-11ec-a94f-f4d1080d95a2,SUNUSDT,rsi,15m,500,2022-02-22 22:15:00,2022-02-22 23:00:00,0.01251,0.01247,-0.3197442046362918,True,True,-0.5595523581135141,-0.39968025579536126,-0.3197442046362918,,0.5922762973726778,0.0983844378503209,0.0,-86.70647357393331,13562849.0,64.57276048712184,13562849.0,0.07993605115906949,-0.4446818331684708,0.01252,0.01242,0.0
76,ea6b05a1-942c-11ec-9b79-f4d1080d95a2,RVNUSDT,rsi,15m,500,2022-02-22 22:15:00,2022-02-22 23:00:00,0.05359,0.05355,-0.0746407911923836,True,True,-0.5784661317409923,-0.279902966971445,-0.0746407911923836,,0.051198538776783764,0.0983844378503209,0.0,-86.70647357393331,262264.9,-39.65643134098385,262264.9,-0.09330098899048597,-0.4446818331684708,0.05359,0.05318,0.0
77,ea7363ca-942c-11ec-8479-f4d1080d95a2,ALICEUSDT,rsi,15m,500,2022-02-22 22:15:00,2022-02-22 23:00:00,6.64,6.65,0.1506024096385644,True,True,-0.6024096385542175,0.0,0.1506024096385644,,0.493556976142093,0.0983844378503209,0.0,-86.70647357393331,32576.86,17.264279000492987,32576.86,-0.1506024096385644,-0.4446818331684708,6.66,6.57,0.0
78,ea7cd31e-942c-11ec-b468-f4d1080d95a2,IOTAUSDT,rsi,15m,500,2022-02-22 22:15:00,2022-02-22 23:00:00,0.7407,0.7377,-0.4050222762251927,True,True,-0.5265289590927521,-0.6075334143377966,-0.4050222762251927,,0.30315413711417644,0.0983844378503209,0.0,-86.70647357393331,46520.0,1.683147033533964,46520.0,-0.02700148508167652,-0.4446818331684708,0.7407,0.7341,0.0
79,ecfd056b-942c-11ec-9e82-f4d1080d95a2,PONDUSDT,rsi,15m,500,2022-02-22 22:15:00,2022-02-22 23:00:00,0.03175,0.03161,-0.4409448818897677,True,True,-0.6299212598425159,-0.6299212598425159,-0.4409448818897677,,0.016829376404598136,0.0983844378503209,0.0,-86.70647357393331,948988.72,55.411329862803846,948988.72,0.0629921259842494,-0.4446818331684708,0.03175,0.03153,0.0
80,eda9250a-942c-11ec-8eb8-f4d1080d95a2,MBOXUSDT,rsi,15m,500,2022-02-22 22:15:00,2022-02-22 22:30:00,2.701,2.715,0.5183265457237982,True,True,0.5183265457237982,,,,0.40947206879552017,0.0983844378503209,0.0,-86.70647357393331,13159.1,-23.037289784255762,13159.1,-0.03702332469455349,-0.4446818331684708,2.715,2.694,0.0
81,f58192be-942c-11ec-8a29-f4d1080d95a2,RAMPUSDT,rsi,15m,500,2022-02-22 22:15:00,2022-02-22 23:00:00,0.0892,0.089,-0.22421524663677772,True,True,-0.11210762331838886,-0.11210762331838886,-0.22421524663677772,,0.5226245552238816,0.0983844378503209,0.0,-86.70647357393331,74024.0,78.14222414352102,74024.0,0.11210762331838886,-0.4446818331684708,0.0894,0.0886,0.0
82,f59043fc-942c-11ec-9aaa-f4d1080d95a2,SKLUSDT,rsi,15m,500,2022-02-22 22:15:00,2022-02-22 22:30:00,0.13,0.1307,0.5384615384615432,True,True,0.5384615384615432,,,,1.6795904631865362,0.0983844378503209,0.0,-86.70647357393331,267699.0,69.95580857604998,267699.0,0.3076923076923165,-0.4446818331684708,0.1307,0.1296,0.0
83,f693e175-942c-11ec-8ec9-f4d1080d95a2,FTTUSDT,rsi,15m,500,2022-02-22 22:15:00,2022-02-22 23:00:00,41.09,41.11,0.048673643222185495,True,True,-0.02433682161111004,-0.048673643222202786,0.048673643222185495,,0.08920505278768713,0.0983844378503209,0.0,-86.70647357393331,940.18,-39.05954178987004,940.18,0.09734728644440557,-0.4446818331684708,41.16,40.95,0.0
84,f6edc817-942c-11ec-9c90-f4d1080d95a2,YFIUSDT,rsi,15m,500,2022-02-22 22:15:00,2022-02-22 23:00:00,20301.23,20298.23,-0.014777429741941744,True,True,-0.17324073467468845,-0.024579791470753065,-0.014777429741941744,,0.16500843651987349,0.0983844378503209,0.0,-86.70647357393331,1.77226,-2.6706013790301704,1.77226,0.05694236260562198,-0.4446818331684708,20346.16,20195.58,0.0
85,f904afc0-942c-11ec-bdbb-f4d1080d95a2,HOTUSDT,rsi,15m,500,2022-02-22 22:15:00,2022-02-22 23:00:00,0.004263,0.004253,-0.23457658925640298,True,True,-0.32840722495895197,-0.23457658925640298,-0.23457658925640298,,0.6594559401366378,0.0983844378503209,0.0,-86.70647357393331,3914520.0,-63.65490532683445,3914520.0,0.023457658925642333,-0.4446818331684708,0.004263,0.004237,0.0
86,f908f468-942c-11ec-beea-f4d1080d95a2,MTLUSDT,rsi,15m,500,2022-02-22 22:15:00,2022-02-22 23:00:00,1.354,1.354,0.0,True,True,-0.44313146233382605,0.0,0.0,,0.363672010958688,0.0983844378503209,0.0,-86.70647357393331,1683.7,-169.50763200095028,1683.7,0.0,-0.4446818331684708,1.357,1.346,0.0
87,0af08101-942d-11ec-8c45-f4d1080d95a2,BARUSDT,rsi,15m,500,2022-02-22 22:15:00,2022-02-22 23:00:00,5.31,5.32,0.1883239171374892,True,True,0.1883239171374892,0.1883239171374892,0.1883239171374892,,0.24251401327342498,0.0983844378503209,0.0,-86.70647357393331,102.84,97.1606378840918,102.84,0.0,-0.4446818331684708,5.32,5.3,0.0
88,1108fb40-942d-11ec-b2bb-f4d1080d95a2,ONGUSDT,rsi,15m,500,2022-02-22 22:15:00,2022-02-22 22:45:00,0.6971,0.7012,0.5881509109166536,True,True,-0.45904461339837777,0.5881509109166536,,,0.8514382922620076,0.0983844378503209,0.0,-86.70647357393331,95061.0,-56.22705420729848,95061.0,0.3155931717113887,-0.4446818331684708,0.7012,0.6903,0.0
89,175e437a-942d-11ec-95cf-f4d1080d95a2,COMPUSDT,rsi,15m,500,2022-02-22 22:15:00,2022-02-22 23:00:00,110.8,110.8,0.0,True,True,-0.18050541516245744,-0.18050541516245744,0.0,,0.047171117273169,0.0983844378503209,0.0,-86.70647357393331,88.853,-91.11566294891566,88.853,0.09025270758122231,-0.4446818331684708,110.8,110.2,0.0
90,184c1698-942d-11ec-8daf-f4d1080d95a2,WTCUSDT,rsi,15m,500,2022-02-22 22:15:00,2022-02-22 22:15:00,0.4419,0.4445,0.5883684091423379,True,True,,,,,1.3466901252400054,0.0983844378503209,0.0,-86.70647357393331,1767.0,4.301075268817205,1767.0,0.2941842045711752,-0.4446818331684708,0.4445,0.4419,0.0
91,2531aede-942d-11ec-a089-f4d1080d95a2,WNXMUSDT,rsi,15m,500,2022-02-22 22:15:00,2022-02-22 22:15:00,28.16,28.35,0.6747159090909136,True,True,,,,,0.876759596362005,0.0983844378503209,0.0,-86.70647357393331,131.51,-36.947760626568325,131.51,-0.10653409090909495,-0.4446818331684708,28.35,28.16,0.0
92,4a9405a9-942d-11ec-b0c4-f4d1080d95a2,POLYUSDT,rsi,15m,500,2022-02-22 22:15:00,2022-02-22 22:45:00,0.34,0.3419,0.5588235294117521,True,True,0.05882352941175823,0.5588235294117521,,,-0.09555207004971314,0.0983844378503209,0.0,-86.70647357393331,50581.3,69.85605352175607,50581.3,-0.05882352941175823,-0.4446818331684708,0.3419,0.3385,0.0
93,5a2d91b3-942d-11ec-a8f1-f4d1080d95a2,CVCUSDT,rsi,15m,500,2022-02-22 22:15:00,2022-02-22 23:00:00,0.2385,0.2388,0.12578616352202202,True,True,-0.3354297693920315,-0.04192872117399958,0.12578616352202202,,0.3109330362396161,0.0983844378503209,0.0,-86.70647357393331,38316.0,72.09781814385636,38316.0,0.0,-0.4446818331684708,0.2392,0.2376,0.0
94,fa1de4f3-942e-11ec-9b84-f4d1080d95a2,TFUELUSDT,rsi,15m,500,2022-02-22 22:30:00,2022-02-22 23:00:00,0.1615,0.1626,0.681114551083585,True,True,0.4334365325077438,0.681114551083585,,,0.8091156753284475,-0.22237272650851722,0.0,-7.374636221075388,1099014.0,81.90878369156353,1099014.0,-0.30959752321981454,-0.5289150632408836,0.1626,0.1603,0.0
95,fab00934-942e-11ec-a153-f4d1080d95a2,ROSEUSDT,rsi,15m,500,2022-02-22 22:30:00,2022-02-22 23:00:00,0.22486,0.22605,0.5292181802010124,True,True,0.08004980876989493,0.5292181802010124,,,0.2039707978278056,-0.22237272650851722,0.0,-7.374636221075388,461089.7,19.73002216271585,461089.7,-0.02223605799163679,-0.5289150632408836,0.22605,0.22347,0.0
96,fb52ed05-942e-11ec-95c4-f4d1080d95a2,AVAUSDT,rsi,15m,500,2022-02-22 22:30:00,2022-02-22 23:00:00,1.18,1.175,-0.423728813559313,False,True,-0.593220338983042,-0.423728813559313,,,0.5104698254610096,-0.22237272650851722,0.0,-7.374636221075388,2202.8,42.72289812965317,2202.8,0.16949152542372897,-0.5289150632408836,1.18,1.172,0.0
97,fbaf078e-942e-11ec-ba37-f4d1080d95a2,GALAUSDT,rsi,15m,500,2022-02-22 22:30:00,2022-02-22 22:30:00,0.23458,0.23595,0.5840225083127216,True,True,,,,,-0.07256150424693428,-0.22237272650851722,0.0,-7.374636221075388,4851239.0,-21.651891403412613,4851239.0,-0.38792735953618984,-0.5289150632408836,0.23595,0.234,0.0
98,fc760e49-942e-11ec-bb08-f4d1080d95a2,ZECUSDT,rsi,15m,500,2022-02-22 22:30:00,2022-02-22 22:45:00,100.4,101.0,0.5976095617529823,True,True,0.5976095617529823,,,,0.6443555138786312,-0.22237272650851722,0.0,-7.374636221075388,984.126,3.5392825715406375,984.126,0.0,-0.5289150632408836,101.0,100.3,0.0
99,fc7e5e0f-942e-11ec-b834-f4d1080d95a2,DASHUSDT,rsi,15m,500,2022-02-22 22:30:00,2022-02-22 23:00:00,92.3,92.6,0.3250270855904628,False,True,-0.10834236186348246,0.3250270855904628,,,0.1881128412292649,-0.22237272650851722,0.0,-7.374636221075388,543.34,62.50561342805611,543.34,0.0,-0.5289150632408836,92.6,92.0,0.0
100,fc8645c6-942e-11ec-b4dc-f4d1080d95a2,VIDTUSDT,rsi,15m,500,2022-02-22 22:30:00,2022-02-22 22:30:00,0.413,0.4158,0.6779661016949213,True,True,,,,,-0.3281150713600452,-0.22237272650851722,0.0,-7.374636221075388,87179.1,35.90975359919981,87179.1,-0.12106537530266355,-0.5289150632408836,0.4158,0.413,0.0
101,fdaf7dd4-942e-11ec-8e5d-f4d1080d95a2,REEFUSDT,rsi,15m,500,2022-02-22 22:30:00,2022-02-22 23:00:00,0.00966,0.00978,1.2422360248447237,True,True,-0.10351966873705581,1.2422360248447237,,,0.7258420577324141,-0.22237272650851722,0.0,-7.374636221075388,2953081.0,-50.77933859585971,2953081.0,0.0,-0.5289150632408836,0.00978,0.0096,0.0
102,fdb80510-942e-11ec-94c6-f4d1080d95a2,OXTUSDT,rsi,15m,500,2022-02-22 22:30:00,2022-02-22 22:45:00,0.2257,0.2272,0.6645990252547634,True,True,0.6645990252547634,,,,-0.005728587693930344,-0.22237272650851722,0.0,-7.374636221075388,32255.0,98.80328631219966,32255.0,0.04430660168365828,-0.5289150632408836,0.2272,0.2253,0.0
103,fe4f661f-942e-11ec-bee2-f4d1080d95a2,DEXEUSDT,rsi,15m,500,2022-02-22 22:30:00,2022-02-22 23:00:00,6.83,6.88,0.7320644216691043,True,True,-0.14641288433381827,0.7320644216691043,,,0.3789100131147964,-0.22237272650851722,0.0,-7.374636221075388,305.23,-118.5499459424041,305.23,-0.14641288433381827,-0.5289150632408836,6.88,6.8,0.0
104,fe80b4a8-942e-11ec-a9a3-f4d1080d95a2,STORJUSDT,rsi,15m,500,2022-02-22 22:30:00,2022-02-22 22:45:00,0.903,0.9077,0.520487264673303,True,True,0.520487264673303,,,,0.04383263522579249,-0.22237272650851722,0.0,-7.374636221075388,12743.0,83.15153417562583,12743.0,0.0,-0.5289150632408836,0.9077,0.9005,0.0
105,fed1abfd-942e-11ec-80e1-f4d1080d95a2,GRTUSDT,rsi,15m,500,2022-02-22 22:30:00,2022-02-22 22:30:00,0.372,0.3739,0.5107526881720464,True,True,,,,,0.44628592896972225,-0.22237272650851722,0.0,-7.374636221075388,311230.0,-509.02740738360694,311230.0,-0.13440860215053776,-0.5289150632408836,0.3739,0.3717,0.0
106,fed52af6-942e-11ec-840d-f4d1080d95a2,MBLUSDT,rsi,15m,500,2022-02-22 22:30:00,2022-02-22 23:00:00,0.005416,0.005419,0.05539143279173557,False,True,-0.2954209748892083,0.05539143279173557,,,0.5334503407951642,-0.22237272650851722,0.0,-7.374636221075388,27484.0,-891.1584922136516,27484.0,0.07385524372229807,-0.5289150632408836,0.005439,0.0054,0.0
107,ff0ba58d-942e-11ec-ab79-f4d1080d95a2,FISUSDT,rsi,15m,500,2022-02-22 22:30:00,2022-02-22 22:45:00,0.6221,0.6263,0.6751326153351522,True,True,0.6751326153351522,,,,1.0978116390198154,-0.22237272650851722,0.0,-7.374636221075388,8699.0,-139.90113806184618,8699.0,0.11252210255586464,-0.5289150632408836,0.6263,0.6218,0.0
108,ff151639-942e-11ec-8ece-f4d1080d95a2,MITHUSDT,rsi,15m,500,2022-02-22 22:30:00,2022-02-22 22:30:00,0.0313,0.0315,0.6389776357827437,True,True,,,,,0.4130954068051197,-0.22237272650851722,0.0,-7.374636221075388,169319.8,-70.36778923669887,169319.8,0.06389776357827215,-0.5289150632408836,0.0315,0.0313,0.0
109,ff3668e1-942e-11ec-9776-f4d1080d95a2,DUSKUSDT,rsi,15m,500,2022-02-22 22:30:00,2022-02-22 22:45:00,0.3465,0.3483,0.5194805194805264,True,True,0.5194805194805264,,,,-0.20649428095419514,-0.22237272650851722,0.0,-7.374636221075388,44070.0,-350.21783526208304,44070.0,0.028860028860025682,-0.5289150632408836,0.3483,0.3457,0.0
110,ff3b6fd9-942e-11ec-a6fa-f4d1080d95a2,SUSHIUSDT,rsi,15m,500,2022-02-22 22:30:00,2022-02-22 23:00:00,3.327,3.345,0.5410279531109179,True,True,0.0,0.5410279531109179,,,0.13919122743869522,-0.22237272650851722,0.0,-7.374636221075388,9993.2,-69.62034183244606,9993.2,-0.18034265103697708,-0.5289150632408836,3.345,3.31,0.0
111,2aad2a70-9433-11ec-b6a3-f4d1080d95a2,BNBUSDT,rsi,15m,500,2022-02-22 23:00:00,2022-02-22 23:00:00,370.9,372.0,0.2965758964680568,False,True,,,,,0.4859776877995715,0.08766437730072302,0.0,7.356790319526479,2287.552,0.9616830568223258,2287.552,-0.026961445133465288,0.022047960115327992,372.1,370.7,0.0
112,2b12a28c-9433-11ec-b7db-f4d1080d95a2,PLAUSDT,rsi,15m,500,2022-02-22 23:00:00,2022-02-22 23:00:00,0.819,0.827,0.9768009768009777,True,True,,,,,0.8697120651028024,0.08766437730072302,0.0,7.356790319526479,24911.07,19.606704970922557,24911.07,0.12210012210012221,0.022047960115327992,0.827,0.819,0.0
113,2bc1f515-9433-11ec-9525-f4d1080d95a2,DENTUSDT,rsi,15m,500,2022-02-22 23:00:00,2022-02-22 23:00:00,0.002357,0.002369,0.5091217649554458,True,True,,,,,0.431959575501372,0.08766437730072302,0.0,7.356790319526479,8594148.0,51.15905613913095,8594148.0,-0.04242681374627488,0.022047960115327992,0.002369,0.002357,0.0
114,2c1aadcf-9433-11ec-abd8-f4d1080d95a2,MATICUSDT,rsi,15m,500,2022-02-22 23:00:00,2022-02-22 23:00:00,1.435,1.443,0.5574912891986067,True,True,,,,,0.168466213114683,0.08766437730072302,0.0,7.356790319526479,789072.8,63.6139783300096,789072.8,0.06968641114983358,0.022047960115327992,1.443,1.433,0.0
115,2c4aeb80-9433-11ec-97d1-f4d1080d95a2,VETUSDT,rsi,15m,500,2022-02-22 23:00:00,2022-02-22 23:00:00,0.04631,0.04657,0.5614338155905924,True,True,,,,,0.3952751879018857,0.08766437730072302,0.0,7.356790319526479,2729273.6,-3.2280530614446237,2729273.6,0.12956164975166823,0.022047960115327992,0.04657,0.04627,0.0
116,2ce7aaac-9433-11ec-a0f9-f4d1080d95a2,STXUSDT,rsi,15m,500,2022-02-22 23:00:00,2022-02-22 23:00:00,1.123,1.13,0.6233303650934903,True,True,,,,,0.9982631244012438,0.08766437730072302,0.0,7.356790319526479,9594.3,67.6297384905621,9594.3,0.17809439002671432,0.022047960115327992,1.13,1.123,0.0
117,2d2ac73f-9433-11ec-90d8-f4d1080d95a2,GRTUSDT,rsi,15m,500,2022-02-22 23:00:00,2022-02-22 23:00:00,0.374,0.3759,0.5080213903743349,True,True,,,,,0.9516205763975046,0.08766437730072302,0.0,7.356790319526479,132205.0,34.678718656631744,132205.0,-0.1604278074866282,0.022047960115327992,0.3759,0.3736,0.0
118,2d9e6f82-9433-11ec-9c75-f4d1080d95a2,FORTHUSDT,rsi,15m,500,2022-02-22 23:00:00,2022-02-22 23:00:00,7.52,7.56,0.5319148936170218,True,True,,,,,0.6613392812134469,0.08766437730072302,0.0,7.356790319526479,51052.47,23.925169536361317,51052.47,0.5319148936170099,0.022047960115327992,7.56,7.41,0.0
119,2dc31c6f-9433-11ec-8f82-f4d1080d95a2,ENJUSDT,rsi,15m,500,2022-02-22 23:00:00,2022-02-22 23:00:00,1.433,1.441,0.5582693649685978,True,True,,,,,0.48282670467352196,0.08766437730072302,0.0,7.356790319526479,26925.4,16.85991665861975,26925.4,-0.06978367062106698,0.022047960115327992,1.441,1.431,0.0
120,2dd032d1-9433-11ec-9d14-f4d1080d95a2,BCHUSDT,rsi,15m,500,2022-02-22 23:00:00,2022-02-22 23:00:00,290.3,291.9,0.5511539786427716,True,True,,,,,0.18523961079068887,0.08766437730072302,0.0,7.356790319526479,227.427,40.6763488943705,227.427,-0.034447123665162206,0.022047960115327992,291.9,290.3,0.0
121,2de07b77-9433-11ec-bcd7-f4d1080d95a2,SCUSDT,rsi,15m,500,2022-02-22 23:00:00,2022-02-22 23:00:00,0.00864,0.00869,0.5787037037037002,True,True,,,,,0.025161127079291738,0.08766437730072302,0.0,7.356790319526479,1019502.0,72.1196231101067,1019502.0,0.23148148148149214,0.022047960115327992,0.00869,0.00864,0.0
122,2f3279c6-9433-11ec-9a2c-f4d1080d95a2,MBOXUSDT,rsi,15m,500,2022-02-22 23:00:00,2022-02-22 23:00:00,2.716,2.723,0.2577319587628745,False,True,,,,,0.7507671153456442,0.08766437730072302,0.0,7.356790319526479,13234.1,9.371245494593518,13234.1,-0.036818851251836884,0.022047960115327992,2.726,2.713,0.0
123,48491cac-9433-11ec-9392-f4d1080d95a2,WAXPUSDT,rsi,15m,500,2022-02-22 23:00:00,2022-02-22 23:00:00,0.2762,0.2767,0.18102824040550342,False,True,,,,,0.3108176886330988,0.08766437730072302,0.0,7.356790319526479,80500.0,61.24968944099379,80500.0,0.14482259232440675,0.022047960115327992,0.2768,0.2756,0.0
124,48554ab2-9433-11ec-9402-f4d1080d95a2,SKLUSDT,rsi,15m,500,2022-02-22 23:00:00,2022-02-22 23:00:00,0.1291,0.1298,0.5422153369481071,True,True,,,,,0.5361902944465097,0.08766437730072302,0.0,7.356790319526479,183253.0,-143.2533164532095,183253.0,0.0,0.022047960115327992,0.1298,0.1287,0.0
125,48870cce-9433-11ec-8fbc-f4d1080d95a2,KLAYUSDT,rsi,15m,500,2022-02-22 23:00:00,2022-02-22 23:00:00,1.232,1.235,0.24350649350650275,False,True,,,,,0.2908635327705367,0.08766437730072302,0.0,7.356790319526479,53540.8,28.377611092848827,53540.8,0.16233766233766247,0.022047960115327992,1.236,1.229,0.0
126,489ad696-9433-11ec-84aa-f4d1080d95a2,CAKEUSDT,rsi,15m,500,2022-02-22 23:00:00,2022-02-22 23:00:00,7.15,7.15,0.0,False,True,,,,,1.097481960657967,0.08766437730072302,0.0,7.356790319526479,5314.36,-72.198157445111,5314.36,0.13986013986014928,0.022047960115327992,7.16,7.14,0.0
127,48d96122-9433-11ec-8b0e-f4d1080d95a2,HARDUSDT,rsi,15m,500,2022-02-22 23:00:00,2022-02-22 23:00:00,0.4877,0.4904,0.5536190280910355,True,True,,,,,0.3799877397559465,0.08766437730072302,0.0,7.356790319526479,39662.0,33.52327164540366,39662.0,0.18453967603034896,0.022047960115327992,0.4904,0.4877,0.0
128,48eeaf4d-9433-11ec-b3d9-f4d1080d95a2,UTKUSDT,rsi,15m,500,2022-02-22 23:00:00,2022-02-22 23:00:00,0.2151,0.2153,0.09298000929799068,False,True,,,,,0.24694337587743243,0.08766437730072302,0.0,7.356790319526479,3649.0,16.168813373526994,3649.0,0.27894002789401073,0.022047960115327992,0.2153,0.2144,0.0
129,48f782f0-9433-11ec-abdd-f4d1080d95a2,JASMYUSDT,rsi,15m,500,2022-02-22 23:00:00,2022-02-22 23:00:00,0.0195,0.0196,0.5128205128205097,True,True,,,,,1.1843284867500299,0.08766437730072302,0.0,7.356790319526479,1742424.9,-30.849002444811262,1742424.9,0.5128205128205097,0.022047960115327992,0.0196,0.0194,0.0
130,524454be-9433-11ec-8e82-f4d1080d95a2,EPSUSDT,rsi,15m,500,2022-02-22 23:00:00,2022-02-22 23:00:00,0.1692,0.1701,0.5319148936170284,True,True,,,,,-0.0648938808764042,0.08766437730072302,0.0,7.356790319526479,11795.0,-188.57142857142856,11795.0,0.23640661938533317,0.022047960115327992,0.1701,0.1692,0.0
131,6a60c2b0-9433-11ec-bfd5-f4d1080d95a2,FISUSDT,rsi,15m,500,2022-02-22 23:00:00,2022-02-22 23:00:00,0.6224,0.6251,0.4338046272493631,False,True,,,,,1.0596542447529553,0.08766437730072302,0.0,7.356790319526479,6989.0,39.70525110888539,6989.0,-0.2570694087403673,0.022047960115327992,0.6251,0.6214,0.0
132,6d4f4853-9433-11ec-9a6a-f4d1080d95a2,QIUSDT,rsi,15m,500,2022-02-22 23:00:00,2022-02-22 23:00:00,0.0533,0.0534,0.18761726078799787,False,True,,,,,-0.08366912129499884,0.08766437730072302,0.0,7.356790319526479,67777.0,-193.04483821945496,67777.0,0.18761726078799787,0.022047960115327992,0.0534,0.0533,0.0
133,7f0ce8ff-9433-11ec-9308-f4d1080d95a2,RAREUSDT,rsi,15m,500,2022-02-22 23:00:00,2022-02-22 23:00:00,0.505,0.507,0.3960396039603964,False,True,,,,,0.07040970832511154,0.08766437730072302,0.0,7.356790319526479,14267.5,74.72507446994918,14267.5,0.1980198019801982,0.022047960115327992,0.507,0.505,0.0
134,ee4e45fa-9433-11ec-bfe5-f4d1080d95a2,REPUSDT,rsi,15m,500,2022-02-22 23:00:00,2022-02-22 23:00:00,13.99,14.0,0.07147962830593128,False,True,,,,,0.8730063608232261,0.08766437730072302,0.0,7.356790319526479,398.83,-2.7154426698092022,398.83,-0.28591851322372513,0.022047960115327992,14.02,13.97,0.0
135,f872983e-9433-11ec-9520-f4d1080d95a2,QUICKUSDT,rsi,15m,500,2022-02-22 23:00:00,2022-02-22 23:00:00,170.4,169.9,-0.2934272300469483,False,True,,,,,1.5635296613507328,0.08766437730072302,0.0,7.356790319526479,26.333,34.067519842023316,26.333,0.17605633802817566,0.022047960115327992,170.4,169.9,0.0
